DateTime,Equity
13-10-01 15:30:12,41426.69
13-10-01 22:00:16,41406.58
13-10-02 15:30:10,41483.11
13-10-02 22:00:16,41444.83
13-10-03 15:30:10,41449.32
13-10-03 22:00:16,41470.76
13-10-04 15:30:11,41428.83
13-10-04 22:00:16,41383.06
13-10-07 15:30:09,41382.46
13-10-07 22:00:15,41407.59
13-10-08 15:30:10,41420.45
13-10-08 22:00:15,41459.95
13-10-09 15:30:10,41411.41
13-10-09 22:00:16,41430.92
13-10-10 15:30:11,41413.06
13-10-10 22:00:16,41401.0
13-10-11 15:30:10,41448.21
13-10-11 22:00:16,41443.07
13-10-14 15:30:11,41484.48
13-10-14 22:00:16,41459.4
13-10-15 15:30:10,41395.3
13-10-15 22:00:16,41425.86
13-10-16 15:30:11,41448.15
13-10-16 22:00:16,41491.6
13-10-17 15:30:10,41572.49
13-10-17 22:00:16,41557.89
13-10-18 15:30:10,41507.5
13-10-18 22:00:16,41508.12
13-10-21 15:30:10,41528.21
13-10-21 22:00:15,41439.55
13-10-22 15:30:09,41403.94
13-10-22 22:00:15,41371.52
13-10-23 15:30:10,41355.77
13-10-23 22:00:16,41438.95
13-10-24 15:30:10,41426.46
13-10-24 22:00:16,41412.46
13-10-25 15:30:11,41403.28
13-10-25 22:00:16,41416.06
13-10-28 14:30:11,41438.7
13-10-28 21:00:17,41498.66
13-10-29 14:30:12,41697.45
13-10-29 21:00:18,41622.37
13-10-30 14:30:10,41623.64
13-10-30 21:00:16,41650.86
13-10-31 14:30:11,41686.08
13-10-31 21:00:15,41660.1
13-11-01 14:30:10,41643.17
13-11-01 21:00:16,41695.48
13-11-04 15:30:13,41704.17
13-11-04 22:00:19,41749.58
13-11-05 15:30:11,41778.78
13-11-05 22:00:16,41712.73
13-11-06 15:30:11,41693.4
13-11-06 22:00:16,41618.54
13-11-07 15:30:09,41627.32
13-11-07 22:00:16,41613.02
13-11-08 15:30:10,41601.27
13-11-08 22:00:16,41501.52
13-11-11 15:30:15,41471.46
13-11-11 22:00:19,41581.82
13-11-12 15:30:10,41566.88
13-11-12 22:00:16,41545.42
13-11-13 15:30:11,41562.9
13-11-13 22:00:16,41692.77
13-11-14 15:30:11,41708.85
13-11-14 22:00:16,41658.27
13-11-15 15:30:10,41671.03
13-11-15 22:00:16,41645.04
13-11-18 15:30:14,41628.82
13-11-18 22:00:19,41575.7
13-11-19 15:30:11,41558.1
13-11-19 22:00:15,41633.21
13-11-20 15:30:11,41645.27
13-11-20 22:00:16,41651.0
13-11-21 15:30:11,41681.87
13-11-21 22:00:16,41766.37
13-11-22 15:30:10,41756.03
13-11-22 22:00:16,41717.24
13-11-25 15:30:14,41681.76
13-11-25 22:00:18,41693.77
13-11-26 15:30:14,41650.03
13-11-26 22:00:16,41729.19
13-11-27 15:30:10,41724.96
13-11-27 22:00:16,41672.05
13-11-29 15:30:10,41674.64
13-11-29 22:00:16,41677.28
13-12-02 15:30:11,41631.61
13-12-02 22:00:16,41569.79
13-12-03 15:30:11,41573.86
13-12-03 22:00:16,41617.49
13-12-04 15:30:10,41615.39
13-12-04 22:00:16,41595.03
13-12-05 15:30:10,41622.75
13-12-05 22:00:16,41612.23
13-12-06 15:30:10,41637.9
13-12-06 22:00:16,41557.7
13-12-09 15:30:11,41535.95
13-12-09 22:00:17,41524.6
13-12-10 15:30:12,41518.7
13-12-10 22:00:16,41431.72
13-12-11 15:30:11,41490.93
13-12-11 22:00:16,41636.06
13-12-12 15:30:10,41665.89
13-12-12 22:00:16,41578.02
13-12-13 15:30:11,41593.12
13-12-13 22:00:16,41697.17
13-12-16 15:30:11,41692.6
13-12-16 22:00:17,41800.23
13-12-17 15:30:11,41561.51
13-12-17 22:00:16,41787.7
13-12-18 15:30:11,41770.48
13-12-18 22:00:16,41650.45
13-12-19 15:30:11,41634.75
13-12-19 22:00:16,41799.08
13-12-20 15:30:11,41776.78
13-12-20 22:00:15,41639.5
13-12-23 15:30:11,41642.64
13-12-23 22:00:16,41732.82
13-12-24 15:30:10,41774.12
13-12-24 22:00:16,41810.94
13-12-26 15:30:11,41820.69
13-12-26 22:00:16,41805.26
13-12-27 15:30:10,41813.49
13-12-27 22:00:16,41837.61
13-12-30 15:30:11,41874.86
13-12-30 22:00:16,41921.28
13-12-31 15:30:11,41940.35
13-12-31 22:00:16,41921.25
14-01-02 15:30:10,41953.94
14-01-02 22:00:16,42042.46
14-01-03 15:30:09,42120.34
14-01-03 22:00:16,42139.29
14-01-06 15:30:15,42084.6
14-01-06 22:00:20,42124.21
14-01-07 15:30:11,42188.79
14-01-07 22:00:16,42225.47
14-01-08 15:30:12,42278.18
14-01-08 22:00:16,42358.89
14-01-09 15:30:11,42373.94
14-01-09 22:00:16,42545.69
14-01-10 15:30:11,42391.3
14-01-10 22:00:16,42407.05
14-01-13 15:30:10,42354.79
14-01-13 22:00:16,42400.75
14-01-14 15:30:10,42407.05
14-01-14 22:00:15,42468.83
14-01-15 15:30:11,42458.17
14-01-15 22:00:16,42423.72
14-01-16 15:30:10,42422.75
14-01-16 22:00:16,42421.89
14-01-17 15:30:10,42427.24
14-01-17 22:00:16,42402.41
14-01-21 15:30:14,42407.36
14-01-21 22:00:16,42352.6
14-01-22 15:30:10,42372.48
14-01-22 22:00:16,42354.24
14-01-23 15:30:10,42289.92
14-01-23 22:00:16,42226.01
14-01-24 15:30:09,42201.3
14-01-24 22:00:16,42277.26
14-01-27 15:30:12,42372.04
14-01-27 22:00:17,42426.35
14-01-28 15:30:12,42340.69
14-01-28 22:00:17,42441.36
14-01-29 15:30:13,42379.75
14-01-29 22:00:18,42339.71
14-01-30 15:30:10,42303.89
14-01-30 22:00:16,42215.61
14-01-31 15:30:10,42150.29
14-01-31 22:00:16,42005.2
14-02-03 15:30:15,42055.29
14-02-03 22:00:20,42040.66
14-02-04 15:30:14,42072.58
14-02-04 22:00:20,42294.97
14-02-05 15:30:16,42317.26
14-02-05 22:00:16,42278.07
14-02-06 15:30:10,42361.46
14-02-06 22:00:16,42207.35
14-02-07 15:30:10,42229.85
14-02-07 22:00:16,42041.85
14-02-10 15:30:11,42034.08
14-02-10 22:00:16,42174.93
14-02-11 15:30:10,42190.82
14-02-11 22:00:16,42173.15
14-02-12 15:30:10,42145.71
14-02-12 22:00:16,42049.46
14-02-13 15:30:10,41878.95
14-02-13 22:00:16,41976.68
14-02-14 15:30:10,42092.94
14-02-14 22:00:16,41974.31
14-02-18 15:30:10,41946.39
14-02-18 22:00:16,41910.64
14-02-19 15:30:11,41810.16
14-02-19 22:00:16,41882.37
14-02-20 15:30:10,41784.69
14-02-20 22:00:16,41767.22
14-02-21 15:30:10,41704.41
14-02-21 22:00:16,41778.54
14-02-24 15:30:13,41721.51
14-02-24 22:00:18,41735.28
14-02-25 15:30:11,41943.51
14-02-25 22:00:16,41929.55
14-02-26 15:30:10,41951.43
14-02-26 22:00:16,42095.71
14-02-27 15:30:10,42016.07
14-02-27 22:00:16,42134.38
14-02-28 15:30:11,42066.73
14-02-28 22:00:16,42219.54
14-03-03 15:30:13,42171.61
14-03-03 22:00:18,42050.65
14-03-04 15:30:10,42032.42
14-03-04 22:00:15,42217.85
14-03-05 15:30:10,42157.71
14-03-05 22:00:16,42381.58
14-03-06 15:30:11,42362.54
14-03-06 22:00:16,42349.47
14-03-07 15:30:10,42561.01
14-03-07 22:00:16,42547.67
14-03-10 14:30:12,42500.93
14-03-10 21:00:16,42577.29
14-03-11 14:30:12,42602.15
14-03-11 21:00:17,42739.02
14-03-12 14:30:13,42767.13
14-03-12 21:00:17,42735.91
14-03-13 14:30:11,42726.62
14-03-13 21:00:16,42696.81
14-03-14 14:30:10,42739.97
14-03-14 21:00:16,42543.68
14-03-17 09:30:11,42549.49
14-03-17 16:00:16,42758.13
14-03-18 09:30:10,42760.39
14-03-18 16:00:16,42626.37
14-03-19 09:30:09,42642.01
14-03-19 16:00:16,42702.24
14-03-20 09:30:11,42618.79
14-03-20 16:00:16,42606.66
14-03-21 09:30:10,42593.24
14-03-21 16:00:16,42690.02
14-03-24 09:30:09,42697.59
14-03-24 16:00:14,42946.22
14-03-25 09:30:11,42905.89
14-03-25 16:00:16,42839.35
14-03-26 09:30:11,42759.21
14-03-26 16:00:16,42717.52
14-03-27 09:30:10,42715.89
14-03-27 16:00:16,42781.5
14-03-28 09:30:10,42628.71
14-03-28 16:00:16,42626.74
14-03-31 09:30:12,42643.27
14-03-31 16:00:16,42419.33
14-04-01 09:30:10,42452.33
14-04-01 16:00:16,42352.1
14-04-02 09:30:11,42352.96
14-04-02 16:00:16,42217.3
14-04-03 09:30:12,42221.55
14-04-03 16:00:16,42243.4
14-04-04 09:30:11,42176.12
14-04-04 16:00:15,42391.45
14-04-07 09:30:13,42396.91
14-04-07 16:00:19,42057.73
14-04-08 09:30:10,41772.11
14-04-08 16:00:16,42104.08
14-04-09 09:30:10,41920.03
14-04-09 16:00:16,42370.65
14-04-10 09:30:10,42396.21
14-04-10 16:00:16,42186.88
14-04-11 09:30:10,42249.67
14-04-11 16:00:16,41884.4
14-04-14 09:30:15,41767.76
14-04-14 16:00:20,42033.1
14-04-15 09:30:10,42027.52
14-04-15 16:00:17,42425.03
14-04-16 09:30:10,42456.01
14-04-16 16:00:15,42463.78
14-04-17 09:30:10,42296.24
14-04-17 16:00:16,42329.56
14-04-21 09:30:15,42481.46
14-04-21 16:00:20,42361.85
14-04-22 09:30:15,42277.99
14-04-22 16:00:21,42212.51
14-04-23 09:30:16,42132.67
14-04-23 16:00:21,42341.14
14-04-24 09:30:10,42304.4
14-04-24 16:00:16,42413.41
14-04-25 09:30:10,42418.81
14-04-25 16:00:16,42559.13
14-04-28 09:30:12,42551.26
14-04-28 16:00:18,41991.51
14-04-29 09:30:10,42044.49
14-04-29 16:00:16,42159.11
14-04-30 09:30:11,42211.63
14-04-30 16:00:16,42000.01
14-05-01 09:30:12,41850.18
14-05-01 16:00:16,41824.21
14-05-02 09:30:11,41882.08
14-05-02 16:00:16,42313.49
14-05-05 09:30:15,42400.95
14-05-05 16:00:19,42462.18
14-05-06 09:30:11,41978.18
14-05-06 16:00:16,41596.66
14-05-07 09:30:10,41784.39
14-05-07 16:00:15,41725.57
14-05-08 09:30:09,41493.71
14-05-08 16:00:16,41214.18
14-05-09 09:30:14,41319.63
14-05-09 16:00:16,41703.21
14-05-12 09:30:10,41822.32
14-05-12 16:00:16,42142.46
14-05-13 09:30:09,42180.78
14-05-13 16:00:16,41784.29
14-05-14 09:30:10,41708.68
14-05-14 16:00:16,41544.05
14-05-15 09:30:10,41672.65
14-05-15 16:00:16,41943.81
14-05-16 09:30:10,42092.25
14-05-16 16:00:16,42030.99
14-05-19 09:30:14,42163.75
14-05-20 09:30:10,41944.32
14-05-20 16:00:16,41925.03
14-05-21 09:30:11,42001.29
14-05-21 16:00:16,41984.54
14-05-22 09:30:11,41794.53
14-05-22 16:00:16,41840.38
14-05-23 09:30:10,41893.76
14-05-23 16:00:16,41720.98
14-05-27 09:30:10,41864.31
14-05-27 16:00:15,42172.47
14-05-28 09:30:11,42231.44
14-05-28 16:00:16,42100.29
14-05-29 09:30:11,41944.77
14-05-29 16:00:16,42101.91
14-05-30 09:30:10,42163.99
14-05-30 16:00:16,42082.62
14-06-02 09:30:10,42180.08
14-06-02 16:00:16,41992.89
14-06-03 09:30:11,41934.94
14-06-03 16:00:16,41656.67
14-06-04 09:30:11,41770.53
14-06-04 16:00:16,41493.57
14-06-05 09:30:10,41493.02
14-06-05 16:00:16,41499.46
14-06-06 09:30:10,41452.84
14-06-06 16:00:16,41700.06
14-06-09 09:30:11,41827.41
14-06-09 16:00:17,41877.65
14-06-10 09:30:09,41931.93
14-06-10 16:00:15,41850.54
14-06-11 09:30:10,41902.77
14-06-11 16:00:16,41760.45
14-06-12 09:30:10,41193.33
14-06-12 16:00:16,41738.44
14-06-13 09:30:10,41604.09
14-06-13 16:00:16,41242.0
14-06-16 09:30:11,41163.85
14-06-16 16:00:17,41360.24
14-06-17 09:30:10,41347.76
14-06-17 16:00:15,41597.23
14-06-18 09:30:10,41741.91
14-06-18 16:00:16,41600.54
14-06-19 09:30:10,41643.54
14-06-19 16:00:16,41543.7
14-06-20 09:30:10,41467.46
14-06-20 16:00:16,41232.8
14-06-23 09:30:10,41174.44
14-06-23 16:00:15,41275.98
14-06-24 09:30:10,41242.37
14-06-24 16:00:15,41378.51
14-06-25 09:30:09,41275.07
14-06-25 16:00:16,41343.77
14-06-26 09:30:11,41271.74
14-06-26 16:00:16,41577.29
14-06-27 09:30:10,41710.93
14-06-27 16:00:15,41703.59
14-06-30 09:30:14,41536.19
14-06-30 16:00:19,41712.6
14-07-01 09:30:10,41767.0
14-07-01 16:00:15,41830.89
14-07-02 09:30:10,41730.49
14-07-02 16:00:16,41791.35
14-07-03 09:30:11,41770.2
14-07-03 16:00:16,41797.92
14-07-07 09:30:11,41566.05
14-07-07 16:00:17,41688.12
14-07-08 09:30:12,41691.7
14-07-08 16:00:17,41608.75
14-07-09 09:30:12,41704.79
14-07-09 16:00:16,41730.25
14-07-10 09:30:10,41727.19
14-07-10 16:00:16,41557.33
14-07-11 09:30:10,41536.32
14-07-11 16:00:16,41515.45
14-07-14 09:30:14,41514.71
14-07-14 16:00:19,41445.41
14-07-15 09:30:10,41521.48
14-07-15 16:00:16,41400.2
14-07-16 09:30:09,40910.57
14-07-16 16:00:16,41141.9
14-07-17 09:30:10,41012.55
14-07-17 16:00:16,40970.03
14-07-18 09:30:10,41013.15
14-07-18 16:00:16,41054.31
14-07-21 09:30:13,40948.95
14-07-21 16:00:19,40983.74
14-07-22 09:30:09,40966.8
14-07-22 16:00:15,41021.73
14-07-23 09:30:09,41011.81
14-07-23 16:00:16,40820.73
14-07-24 09:30:10,40815.59
14-07-24 16:00:16,40812.97
14-07-25 09:30:10,40832.7
14-07-25 16:00:16,40613.7
14-07-28 09:30:11,40741.78
14-07-28 16:00:17,40572.12
14-07-29 09:30:10,40716.61
14-07-29 16:00:16,40746.95
14-07-30 09:30:09,40792.66
14-07-30 16:00:16,40644.4
14-07-31 09:30:10,40530.27
14-07-31 16:00:16,40322.01
14-08-01 09:30:10,40485.99
14-08-01 16:00:16,40154.74
14-08-04 09:30:13,40279.02
14-08-04 16:00:19,40543.5
14-08-05 09:30:10,40524.02
14-08-05 16:00:16,40283.85
14-08-06 09:30:10,40293.96
14-08-06 16:00:16,40379.95
14-08-07 09:30:11,40810.73
14-08-07 16:00:16,40657.67
14-08-08 09:30:10,40810.61
14-08-08 16:00:16,40768.4
14-08-11 09:30:13,40889.04
14-08-11 16:00:19,40957.98
14-08-12 09:30:13,41076.5
14-08-12 16:00:19,40776.31
14-08-13 09:30:11,40871.92
14-08-13 16:00:16,40666.89
14-08-14 09:30:09,40820.52
14-08-14 16:00:16,40823.78
14-08-15 09:30:09,40976.76
14-08-15 16:00:16,40829.68
14-08-18 09:30:13,40962.3
14-08-18 16:00:19,40966.86
14-08-19 09:30:09,41032.11
14-08-19 16:00:15,40732.93
14-08-20 09:30:09,40753.42
14-08-20 16:00:15,40827.31
14-08-21 09:30:10,40947.27
14-08-21 16:00:15,41013.07
14-08-22 09:30:10,40991.04
14-08-22 16:00:16,40986.9
14-08-25 09:30:14,41005.49
14-08-25 16:00:19,41097.75
14-08-26 09:30:14,41260.33
14-08-26 16:00:19,40989.18
14-08-27 09:30:14,41149.4
14-08-27 16:00:20,40881.58
14-08-28 10:24:48,40900.7
14-08-28 16:00:16,40883.43
14-08-29 09:30:10,40918.44
14-08-29 16:00:16,40810.48
14-09-02 09:30:10,40901.76
14-09-02 16:00:16,40829.43
14-09-03 09:30:11,40853.13
14-09-03 16:00:16,40861.0
14-09-04 09:30:10,41001.32
14-09-04 16:00:16,40691.32
14-09-05 09:30:11,40768.49
14-09-05 16:00:16,40592.52
14-09-08 09:30:13,40772.49
14-09-08 16:00:18,40608.6
14-09-09 09:30:13,40559.47
14-09-09 16:00:16,40593.54
14-09-10 09:30:10,40830.35
14-09-10 16:00:16,40735.76
14-09-11 09:30:11,40845.72
14-09-11 16:00:16,41062.64
14-09-12 09:30:11,41115.53
14-09-12 16:00:16,40990.8
14-09-15 09:30:13,41193.45
14-09-15 16:00:18,41163.81
14-09-16 09:30:10,41351.98
14-09-16 16:00:15,41201.74
14-09-17 09:30:10,41293.36
14-09-17 16:00:16,41142.32
14-09-18 09:30:10,41247.73
14-09-18 16:00:16,40875.95
14-09-19 09:30:10,41088.77
14-09-19 16:00:16,40461.45
14-09-22 09:30:14,40650.27
14-09-22 16:00:19,40542.73
14-09-23 09:30:13,40708.75
14-09-23 16:00:16,40507.21
14-09-24 09:30:10,40621.54
14-09-24 16:00:16,40500.26
14-09-25 09:30:10,40521.79
14-09-25 16:00:16,40343.22
14-09-26 09:30:10,40282.9
14-09-26 16:00:16,40338.52
14-09-29 09:30:13,40474.78
14-09-29 16:00:18,40445.31
14-09-30 09:30:13,40567.63
14-09-30 16:00:15,40316.0
14-10-01 09:30:10,40490.56
14-10-01 16:00:16,40318.03
14-10-02 09:30:10,40333.72
14-10-02 16:00:16,39897.6
14-10-03 09:30:10,40044.46
14-10-03 16:00:16,40073.35
14-10-06 09:30:12,40113.49
14-10-06 16:00:17,40240.88
14-10-07 09:30:10,40271.83
14-10-07 16:00:16,40212.05
14-10-08 09:30:10,40211.95
14-10-08 16:00:16,40208.75
14-10-09 09:30:10,40242.69
14-10-09 16:00:16,40009.65
14-10-10 09:30:10,40001.28
14-10-10 16:00:16,39908.16
14-10-13 09:30:13,39909.86
14-10-13 16:00:16,39749.44
14-10-14 09:30:10,39714.24
14-10-14 16:00:16,39254.54
14-10-15 09:30:11,39367.79
14-10-15 16:00:16,39425.17
14-10-16 09:30:10,39078.55
14-10-16 16:00:16,39312.67
14-10-17 09:30:10,39483.14
14-10-17 16:00:16,39758.21
14-10-20 09:30:13,39771.34
14-10-20 16:00:18,39889.32
14-10-21 09:30:10,39986.03
14-10-21 16:00:16,40292.44
14-10-22 09:30:10,40135.67
14-10-22 16:00:16,40129.89
14-10-23 09:30:11,40252.63
14-10-23 16:00:16,40426.86
14-10-24 09:30:09,40406.33
14-10-24 16:00:16,40449.23
14-10-27 09:30:12,40322.5
14-10-27 16:00:17,40394.53
14-10-28 09:30:10,40502.57
14-10-28 16:00:16,40306.12
14-10-29 09:30:10,40871.29
14-10-29 16:00:16,40923.14
14-10-30 09:30:11,41024.78
14-10-30 16:00:16,40578.88
14-10-31 09:30:10,40596.1
14-10-31 16:00:15,40712.29
14-11-03 09:30:12,40740.27
14-11-03 16:00:17,40323.22
14-11-04 09:30:11,39867.71
14-11-04 16:00:16,39930.53
14-11-05 09:30:10,39809.84
14-11-05 16:00:16,40315.58
14-11-06 09:30:10,40270.43
14-11-06 16:00:16,40562.4
14-11-07 09:30:10,40316.67
14-11-07 16:00:16,40030.34
14-11-10 09:30:11,40057.35
14-11-10 16:00:16,39834.64
14-11-11 09:30:09,39870.44
14-11-11 16:00:15,39916.99
14-11-12 09:30:10,39864.22
14-11-12 16:00:15,39909.54
14-11-13 09:30:10,40006.48
14-11-13 16:00:16,40341.49
14-11-14 09:30:09,40548.24
14-11-14 16:00:16,40399.09
14-11-17 09:30:14,40722.12
14-11-17 16:00:19,40665.23
14-11-18 09:30:14,40736.31
14-11-18 16:00:20,40557.86
14-11-19 09:30:10,40491.55
14-11-19 16:00:16,40523.12
14-11-20 09:30:10,40527.22
14-11-20 16:00:10,40626.26
14-11-21 09:30:10,40891.95
14-11-21 16:00:10,40839.76
14-11-24 09:30:12,40876.16
14-11-24 16:00:11,40898.61
14-11-25 09:30:10,40975.75
14-11-25 16:00:11,40842.71
14-11-26 09:30:11,40897.84
14-11-26 16:00:11,40851.81
14-11-28 09:30:10,40683.54
14-11-28 16:00:11,40374.29
14-12-01 09:30:13,40250.75
14-12-01 16:00:14,40018.98
14-12-02 09:30:10,40055.99
14-12-02 16:00:11,40300.05
14-12-03 09:30:10,40281.87
14-12-03 16:00:11,40191.06
14-12-04 09:30:10,40088.24
14-12-04 16:00:11,39991.03
14-12-05 09:30:10,39962.08
14-12-05 16:00:11,39787.36
14-12-08 09:30:11,39766.8
14-12-08 16:00:11,39641.37
14-12-09 09:30:10,39756.48
14-12-09 16:00:10,39720.48
14-12-10 09:30:10,39368.55
14-12-10 16:00:11,39563.61
14-12-11 09:30:10,39488.27
14-12-11 16:00:11,39320.14
14-12-12 09:30:10,39321.85
14-12-12 16:00:11,39408.56
14-12-15 09:30:14,39478.14
14-12-15 16:00:15,39368.84
14-12-16 09:30:11,39400.9
14-12-16 16:00:11,39583.96
14-12-17 09:30:10,39624.29
14-12-17 16:00:11,39636.13
14-12-18 09:30:11,47939.28
14-12-18 16:00:11,48267.83
14-12-19 09:30:11,50740.47
14-12-19 16:00:11,50793.44
14-12-22 09:30:13,50785.11
14-12-22 16:00:13,50518.63
14-12-23 09:30:10,50515.5
14-12-23 16:00:11,50784.41
14-12-24 09:30:10,50732.69
14-12-24 16:00:11,50891.23
14-12-26 09:30:11,50839.74
14-12-26 16:00:11,50934.6
14-12-29 09:30:14,50976.34
14-12-29 16:00:11,51039.11
14-12-30 09:30:11,51061.09
14-12-30 16:00:11,50958.36
14-12-31 09:30:11,50915.95
14-12-31 16:00:11,50751.11
15-01-02 10:15:04,50822.06
15-01-02 16:00:11,50742.41
15-01-05 09:30:15,50774.76
15-01-05 16:00:15,50677.68
15-01-06 09:30:10,50716.62
15-01-06 16:00:11,50748.63
15-01-07 09:30:10,50777.69
15-01-07 16:00:11,50510.14
15-01-08 09:30:11,50555.32
15-01-08 16:00:12,50271.31
15-01-09 09:30:11,50244.14
15-01-09 16:00:11,50223.64
15-01-12 09:30:12,50232.05
15-01-12 16:00:13,50270.52
15-01-13 09:30:11,50348.31
15-01-13 16:00:11,50281.29
15-01-14 09:30:11,49960.85
15-01-14 16:00:11,50546.48
15-01-15 09:30:10,50676.16
15-01-15 16:00:11,50849.34
15-01-16 09:30:11,50908.68
15-01-16 16:00:11,50755.33
15-01-20 09:30:15,50749.05
15-01-20 16:00:15,50808.91
15-01-21 09:30:15,50884.13
15-01-21 16:00:11,50700.75
15-01-22 09:30:11,50411.6
15-01-22 16:00:11,50495.33
15-01-23 09:30:11,50311.3
15-01-23 16:00:11,50640.35
15-01-26 09:30:15,50762.8
15-01-26 16:00:15,50710.2
15-01-27 09:30:11,50737.29
15-01-27 16:00:11,50780.99
15-01-28 09:30:11,50704.61
15-01-28 16:00:11,50615.41
15-01-29 09:30:11,50559.36
15-01-29 16:00:11,51230.48
15-01-30 09:30:10,51349.99
15-01-30 16:00:11,51027.71
15-02-02 09:30:13,50804.9
15-02-02 16:00:14,50835.0
15-02-03 09:30:14,50704.87
15-02-03 16:00:11,51192.67
15-02-04 09:30:12,51218.31
15-02-04 16:00:11,51271.72
15-02-05 09:30:12,51198.55
15-02-05 16:00:11,50738.68
15-02-06 09:30:11,50755.73
15-02-06 16:00:11,50933.74
15-02-09 09:30:16,50841.31
15-02-09 16:00:15,50883.11
15-02-10 09:30:11,50875.54
15-02-10 16:00:11,50566.37
15-02-11 09:30:11,50603.21
15-02-11 16:00:11,50444.12
15-02-12 09:30:11,50509.32
15-02-12 16:00:11,50352.44
15-02-13 09:30:11,50366.64
15-02-13 16:00:11,50262.6
15-02-17 09:30:15,50250.96
15-02-17 16:00:15,50193.53
15-02-18 09:30:11,49805.83
15-02-18 16:00:11,50049.52
15-02-19 09:30:11,50048.64
15-02-19 16:00:11,50021.46
15-02-20 09:30:11,50010.38
15-02-20 16:00:11,50257.33
15-02-23 09:30:15,50259.02
15-02-23 16:00:15,50366.68
15-02-24 09:30:10,50316.97
15-02-24 16:00:10,50320.11
15-02-25 09:30:11,50298.34
15-02-25 16:00:11,50583.01
15-02-26 09:30:11,50551.24
15-02-26 16:00:11,50280.26
15-02-27 09:30:11,50300.53
15-02-27 16:00:11,50317.68
15-03-02 09:30:13,50218.6
15-03-02 16:00:13,49972.67
15-03-03 09:30:14,49930.78
15-03-03 16:00:11,50093.17
15-03-04 09:30:10,50167.82
15-03-04 16:00:11,50105.79
15-03-05 09:30:11,50176.14
15-03-05 16:00:11,50007.67
15-03-06 09:30:11,49941.19
15-03-06 16:00:11,49538.47
15-03-09 09:30:15,49552.01
15-03-09 16:00:15,49715.43
15-03-10 09:30:11,50153.81
15-03-10 16:00:11,49997.31
15-03-11 09:30:11,49987.67
15-03-11 16:00:11,50049.63
15-03-12 09:30:11,50094.81
15-03-12 16:00:11,49715.97
15-03-13 09:30:10,49680.2
15-03-13 16:00:11,49517.99
15-03-16 09:30:14,49432.55
15-03-16 16:00:14,49218.48
15-03-17 09:30:11,49146.68
15-03-17 16:00:11,49327.63
15-03-18 09:30:11,49273.13
15-03-18 16:00:11,49597.46
15-03-19 09:30:11,49495.5
15-03-19 16:00:11,49640.32
15-03-20 09:30:10,49802.65
15-03-20 16:00:11,49853.69
15-03-23 09:30:14,49879.12
15-03-23 16:00:15,49789.72
15-03-24 09:30:15,49796.14
15-03-24 16:00:15,49877.01
15-03-25 09:30:10,49753.55
15-03-25 16:00:10,50133.91
15-03-26 09:30:10,50322.34
15-03-26 16:00:12,50292.48
15-03-27 09:30:11,50304.17
15-03-27 16:00:11,50146.6
15-03-30 09:30:13,50120.85
15-03-30 16:00:13,50146.54
15-03-31 09:30:10,50086.96
15-03-31 16:00:10,50154.52
15-04-01 09:30:11,50143.47
15-04-01 16:00:11,50229.45
15-04-02 09:30:11,50175.94
15-04-02 16:00:11,50365.01
15-04-06 09:30:14,50354.67
15-04-06 16:00:15,50210.92
15-04-07 09:30:14,50222.31
15-04-07 16:00:14,50371.21
15-04-08 09:30:12,50569.12
15-04-08 16:00:11,50287.98
15-04-09 09:30:11,50279.77
15-04-09 16:00:11,50067.73
15-04-10 09:30:11,50209.88
15-04-10 16:00:11,50181.07
15-04-13 09:30:11,50156.51
15-04-13 16:00:11,50250.26
15-04-14 09:30:11,50237.83
15-04-14 16:00:11,50219.47
15-04-15 09:30:11,50235.07
15-04-15 16:00:11,50221.03
15-04-16 09:30:10,50255.86
15-04-16 16:00:11,50630.4
15-04-17 09:30:11,50703.7
15-04-17 16:00:11,50734.67
15-04-20 09:30:12,50679.55
15-04-20 16:00:12,50326.43
15-04-21 09:30:12,50284.99
15-04-21 16:00:13,50250.72
15-04-22 09:30:10,50246.79
15-04-22 16:00:11,50362.12
15-04-23 09:30:11,50363.16
15-04-23 16:00:11,50359.62
15-04-24 09:30:10,50273.78
15-04-24 16:00:11,50774.6
15-04-27 09:30:14,50785.71
15-04-27 16:00:14,50873.49
15-04-28 09:30:14,50897.46
15-04-28 16:00:14,50616.3
15-04-29 09:30:11,50755.63
15-04-29 16:00:12,50709.8
15-04-30 09:30:12,50741.08
15-04-30 16:00:12,51087.38
15-05-01 09:30:12,51084.74
15-05-01 16:00:12,51094.16
15-05-04 09:30:16,51137.26
15-05-04 16:00:16,51110.83
15-05-05 09:30:16,51110.92
15-05-05 16:00:17,51147.66
15-05-06 09:30:17,51115.89
15-05-06 16:00:17,51364.86
15-05-07 09:30:16,51321.31
15-05-07 16:00:17,51468.66
15-05-08 09:30:16,51562.87
15-05-08 16:00:17,51558.5
15-05-11 09:30:21,51563.19
15-05-11 16:00:21,51399.89
15-05-12 09:30:21,51425.23
15-05-12 16:00:21,51610.07
15-05-13 09:30:20,51612.89
15-05-13 16:00:21,51254.9
15-05-14 09:30:21,51270.17
15-05-14 16:00:21,51291.29
15-05-15 09:30:22,51239.87
15-05-15 16:00:21,51344.04
15-05-18 09:30:25,51361.7
15-05-18 16:00:25,51118.76
15-05-19 09:30:25,50901.03
15-05-19 16:00:25,51122.1
15-05-20 09:30:25,51158.15
15-05-20 16:00:25,51245.8
15-05-21 09:30:25,51230.85
15-05-21 16:00:25,51146.65
15-05-22 09:30:25,51095.47
15-05-22 16:00:25,51249.39
15-05-26 09:30:29,50957.93
15-05-26 16:00:29,51018.46
15-05-27 09:30:29,50895.41
15-05-27 16:00:30,50881.96
15-05-28 09:30:30,50862.71
15-05-28 16:00:30,51175.76
15-05-29 09:30:30,51256.04
15-05-29 16:00:30,51427.18
15-06-01 09:30:34,51366.33
15-06-01 16:00:34,51231.64
15-06-02 09:30:33,51230.35
15-06-02 16:00:34,51172.1
15-06-03 09:30:34,51169.79
15-06-03 16:00:34,51379.37
15-06-04 09:30:34,51392.91
15-06-04 16:00:34,51635.57
15-06-05 09:30:34,51699.77
15-06-05 16:00:34,51616.23
15-06-08 09:30:37,51624.92
15-06-08 16:00:37,51782.58
15-06-09 09:30:37,51672.2
15-06-09 16:00:37,51659.71
15-06-10 09:30:37,51689.76
15-06-10 16:00:37,51748.02
15-06-11 09:30:37,51738.06
15-06-11 16:00:37,51770.16
15-06-12 09:30:37,51822.02
15-06-12 16:00:37,51534.68
15-06-15 09:30:39,51666.73
15-06-15 16:00:39,51719.8
15-06-16 09:30:39,51791.56
15-06-16 16:00:39,51720.82
15-06-17 09:30:39,51655.74
15-06-17 16:00:39,51512.11
15-06-18 09:30:39,51623.65
15-06-18 16:00:40,51429.9
15-06-19 09:30:39,51399.49
15-06-19 16:00:40,51438.02
15-06-22 09:30:43,51348.84
15-06-22 16:00:43,51292.36
15-06-23 09:30:43,51292.8
15-06-23 16:00:44,50991.28
15-06-24 09:30:43,50961.13
15-06-24 16:00:44,50922.53
15-06-25 09:30:43,50872.92
15-06-25 16:00:44,51079.56
15-06-26 09:30:44,51113.7
15-06-26 16:00:44,51080.17
15-06-29 09:30:47,51127.51
15-06-29 16:00:48,51273.13
15-06-30 09:30:47,51322.8
15-06-30 16:00:47,51143.65
15-07-01 09:30:49,51014.63
15-07-01 16:00:49,51349.0
15-07-02 09:30:48,51213.45
15-07-02 16:00:49,51268.07
15-07-06 09:30:53,51290.89
15-07-06 16:00:52,51282.07
15-07-07 09:30:52,51226.85
15-07-07 16:00:52,50928.33
15-07-08 09:30:52,50738.16
15-07-09 09:30:53,51210.02
15-07-09 16:00:53,50688.94
15-07-10 09:30:53,51025.95
15-07-10 16:00:53,50580.05
15-07-13 09:30:56,50585.96
15-07-13 16:00:56,50660.12
15-07-14 09:30:56,50632.72
15-07-14 16:00:56,50811.25
15-07-15 09:30:56,50825.49
15-07-15 16:00:56,50819.18
15-07-16 09:30:56,50839.47
15-07-16 16:00:56,50502.31
15-07-17 09:30:56,50516.47
15-07-17 16:00:56,50514.81
15-07-20 09:31:00,50330.17
15-07-20 16:01:00,50122.29
15-07-21 09:30:59,50138.8
15-07-21 16:01:00,50130.6
15-07-22 09:30:59,50034.06
15-07-22 16:00:59,50077.67
15-07-23 09:30:59,50104.3
15-07-23 16:00:59,50226.72
15-07-24 09:30:59,50452.74
15-07-24 16:00:59,50443.7
15-07-27 09:31:02,50522.37
15-07-27 16:01:03,50551.37
15-07-28 09:31:03,50266.3
15-07-28 16:01:03,50501.25
15-07-29 09:31:03,50558.11
15-07-29 16:01:03,50883.43
15-07-30 09:31:03,50855.28
15-07-30 16:01:03,50586.23
15-07-31 09:31:03,50506.59
15-07-31 16:01:03,49925.58
15-08-03 09:31:06,49985.34
15-08-03 16:01:06,50045.55
15-08-04 09:31:06,49979.68
15-08-04 16:01:06,49615.83
15-08-05 09:31:06,49569.38
15-08-05 16:01:06,49246.5
15-08-06 09:31:06,49250.49
15-08-06 16:01:06,49682.88
15-08-07 09:31:06,49818.94
15-08-07 16:01:06,50212.64
15-08-10 09:31:09,50195.12
15-08-10 16:01:09,50018.75
15-08-11 09:31:09,50036.4
15-08-11 16:01:09,50090.36
15-08-12 09:31:09,49895.62
15-08-12 16:01:09,49974.02
15-08-13 09:31:09,50100.77
15-08-13 16:01:09,49714.96
15-08-14 09:31:09,49691.06
15-08-14 16:01:09,49821.87
15-08-17 09:31:12,49820.96
15-08-17 16:01:12,50115.35
15-08-18 09:31:12,50133.25
15-08-18 16:01:12,49804.38
15-08-19 09:31:12,49809.79
15-08-19 16:01:12,49767.66
15-08-20 09:31:12,49660.46
15-08-20 16:01:12,49799.52
15-08-21 09:31:12,49807.85
15-08-21 16:01:12,50598.5
15-08-24 09:31:15,50717.03
15-08-24 16:01:15,51169.11
15-08-25 09:31:15,51034.86
15-08-25 16:01:15,51442.02
15-08-26 09:31:15,51397.82
15-08-26 16:01:15,51241.77
15-08-27 09:31:15,51059.74
15-08-27 16:01:15,50891.77
15-08-28 09:31:15,50992.88
15-08-28 16:01:15,51087.42
15-08-31 09:31:18,51071.82
15-08-31 16:01:18,51034.15
15-09-01 09:31:18,50986.02
15-09-01 16:01:18,51221.94
15-09-02 09:31:18,51101.76
15-09-02 16:01:18,50978.37
15-09-03 09:31:17,50944.7
15-09-03 16:01:17,50768.54
15-09-04 09:31:17,50733.28
15-09-04 16:01:17,50659.31
15-09-08 09:31:21,50911.39
15-09-08 16:01:21,50815.78
15-09-09 09:31:21,50874.54
15-09-09 16:01:21,50894.91
15-09-10 09:31:21,50992.89
15-09-10 16:01:21,50921.49
15-09-11 09:31:22,51003.18
15-09-11 16:01:22,51037.91
15-09-14 09:31:25,51061.66
15-09-14 16:01:25,50812.82
15-09-15 09:31:25,50909.09
15-09-15 16:01:25,51069.43
15-09-16 09:31:25,51229.38
15-09-16 16:01:25,51256.22
15-09-17 09:31:25,51283.94
15-09-17 16:01:25,51196.54
15-09-18 09:31:25,51203.05
15-09-18 16:01:25,51306.68
15-09-21 09:31:27,51241.4
15-09-21 16:01:27,51354.7
15-09-22 09:31:27,51400.5
15-09-22 16:01:27,51668.62
15-09-23 09:31:27,51890.17
15-09-23 16:01:27,51772.44
15-09-24 09:31:27,51890.36
15-09-24 16:01:27,51706.74
15-09-25 09:31:28,51658.63
15-09-25 16:01:28,51622.03
15-09-28 09:31:31,51660.34
15-09-28 16:01:31,51519.46
15-09-29 09:31:31,51620.06
15-09-29 16:01:31,51405.2
15-09-30 09:31:31,51262.75
15-09-30 16:01:31,51429.19
15-10-01 09:31:31,51624.08
15-10-01 16:01:31,51884.88
15-10-02 09:31:31,51931.08
15-10-02 16:01:31,51944.92
15-10-05 09:31:34,52109.76
15-10-05 16:01:35,52345.24
15-10-06 09:31:35,52366.77
15-10-06 16:01:35,52436.3
15-10-07 09:31:35,52544.6
15-10-07 16:01:35,52550.6
15-10-08 09:31:34,52525.24
15-10-08 16:01:35,52790.62
15-10-09 09:31:35,52864.62
15-10-09 16:01:35,52589.2
15-10-12 09:31:39,52679.54
15-10-12 16:01:39,52516.11
15-10-13 09:31:39,52547.43
15-10-13 16:01:39,52495.46
15-10-14 09:31:39,52666.68
15-10-14 16:01:39,52706.31
15-10-15 09:31:39,52832.79
15-10-15 16:01:39,52595.89
15-10-16 09:31:39,52642.6
15-10-16 12:20:46,52517.9
15-10-16 16:01:39,52616.88
15-10-19 09:30:11,52109.71
15-10-19 16:00:11,51836.75
15-10-20 09:30:11,51828.71
15-10-20 16:00:11,52163.33
15-10-21 09:30:10,52078.64
15-10-21 16:00:11,52123.02
15-10-22 09:30:11,52179.46
15-10-22 16:00:11,51815.47
15-10-23 09:30:11,51845.66
15-10-23 16:00:11,52073.63
15-10-26 09:30:11,52133.35
15-10-26 16:00:11,51808.88
15-10-27 09:30:11,51939.02
15-10-27 16:00:11,51835.84
15-10-28 09:30:11,52100.44
15-10-28 16:00:11,52562.57
15-10-29 09:30:11,52618.97
15-10-29 16:00:11,52592.15
15-10-30 09:30:11,52476.36
15-10-30 16:00:11,52889.21
15-11-02 09:30:11,52933.64
15-11-02 16:00:11,53042.01
15-11-03 09:30:11,53020.99
15-11-03 16:00:11,52896.54
15-11-04 09:30:11,53028.67
15-11-04 16:00:11,53024.76
15-11-05 09:30:11,53112.46
15-11-05 16:00:11,53132.32
15-11-06 09:30:11,53115.89
15-11-06 16:00:11,52847.91
15-11-09 09:30:11,52933.58
15-11-09 16:00:11,52676.95
15-11-10 09:30:10,52652.11
15-11-10 16:00:11,52670.17
15-11-11 09:30:11,52646.82
15-11-11 16:00:11,52645.83
15-11-12 09:30:11,52495.58
15-11-12 16:00:11,52523.26
15-11-13 09:30:11,52612.4
15-11-13 16:00:11,52437.51
15-11-16 09:30:11,52442.42
15-11-16 16:00:11,52711.07
15-11-17 09:30:11,52717.47
15-11-17 16:00:11,52485.38
15-11-18 09:30:11,52450.96
15-11-18 16:00:11,52469.9
15-11-19 09:30:10,52562.55
15-11-19 16:00:11,52614.98
15-11-20 09:30:11,52679.56
15-11-20 16:00:11,52776.38
15-11-23 09:30:11,52786.5
15-11-23 16:00:11,52658.91
15-11-24 09:30:11,52701.67
15-11-24 16:00:11,52982.78
15-11-25 09:30:11,52949.14
15-11-25 16:00:11,52968.52
15-11-27 09:30:11,52965.82
15-11-27 16:00:11,52762.2
15-11-30 09:30:11,52795.52
15-11-30 16:00:11,52774.23
15-12-01 09:30:11,52754.47
15-12-01 16:00:11,53058.85
15-12-02 09:30:11,52997.12
15-12-02 16:00:11,52975.8
15-12-03 09:30:11,53108.67
15-12-03 16:00:11,52586.96
15-12-04 09:30:11,52485.49
15-12-04 16:00:11,51999.29
15-12-07 09:30:11,52071.19
15-12-07 16:00:11,51882.87
15-12-08 09:30:11,51966.51
15-12-08 16:00:11,51983.68
15-12-09 09:45:50,52145.44
15-12-09 16:00:11,51743.29
15-12-10 09:30:11,51659.29
15-12-10 16:00:11,51733.15
15-12-11 09:30:11,51548.4
15-12-11 16:00:11,51394.47
15-12-14 09:30:11,52157.85
15-12-14 16:00:11,51887.1
15-12-15 09:30:11,52192.5
15-12-15 16:00:11,52323.7
15-12-16 09:30:11,52335.7
15-12-16 16:00:11,52228.06
15-12-17 09:30:11,52311.36
15-12-17 16:00:11,51940.36
15-12-18 09:30:11,51881.76
15-12-18 16:00:11,52029.38
15-12-21 09:30:11,51964.96
15-12-21 16:00:11,51971.58
15-12-22 09:30:11,52010.81
15-12-22 16:00:11,52298.8
15-12-23 09:30:12,52368.66
15-12-23 16:00:11,52535.41
15-12-24 09:30:11,52445.68
15-12-24 16:00:11,52482.28
15-12-28 09:30:11,52230.68
15-12-28 16:00:11,52210.12
15-12-29 09:30:11,52275.9
15-12-29 16:00:11,52554.67
15-12-30 09:30:11,52543.82
15-12-30 16:00:11,52525.0
15-12-31 09:30:11,52537.27
15-12-31 16:00:11,52668.59
16-01-04 09:30:11,52793.54
16-01-04 16:00:11,52606.53
16-01-05 09:30:12,52574.05
16-01-05 16:00:11,52166.99
16-01-06 09:30:11,52128.63
16-01-06 16:00:11,51965.8
16-01-07 09:30:11,52149.39
16-01-07 16:00:11,51592.15
16-01-08 09:30:12,51662.96
16-01-08 16:00:11,51423.34
16-01-11 09:30:11,51424.67
16-01-11 16:00:11,51018.49
16-01-12 09:30:11,51030.43
16-01-12 16:00:11,51111.34
16-01-13 09:30:11,51162.99
16-01-13 16:00:11,51115.48
16-01-14 09:30:11,51143.87
16-01-14 16:00:11,51420.71
16-01-15 09:30:11,51575.96
16-01-15 16:00:11,51116.77
16-01-19 09:30:11,51177.91
16-01-19 16:00:11,51278.19
16-01-20 09:30:11,51251.86
16-01-20 16:00:11,51325.61
16-01-21 09:30:11,51363.24
16-01-21 16:00:11,51496.98
16-01-22 09:30:11,51464.17
16-01-22 16:00:11,51711.6
16-01-25 09:30:11,51779.09
16-01-25 16:00:11,51407.29
16-01-26 09:30:12,51483.86
16-01-26 16:00:11,51498.18
16-01-27 09:30:11,51559.29
16-01-27 16:00:11,51671.13
16-01-28 09:30:11,51800.73
16-01-28 16:00:11,51480.89
16-01-29 09:30:11,51482.87
16-01-29 16:00:11,51646.34
16-02-01 09:30:11,51631.62
16-02-01 16:00:11,51763.97
16-02-02 09:30:11,51735.49
16-02-02 16:00:11,52123.27
16-02-03 09:30:11,52038.19
16-02-03 16:00:11,52080.34
16-02-04 09:30:10,51961.59
16-02-04 16:00:11,52300.79
16-02-05 09:30:11,52466.58
16-02-05 16:00:11,52270.52
16-02-08 09:30:11,52057.82
16-02-08 16:00:11,51769.11
16-02-09 09:30:10,51736.17
16-02-09 16:00:11,51676.47
16-02-10 09:30:11,51779.45
16-02-10 16:00:11,51870.76
16-02-11 09:30:11,51845.43
16-02-11 16:00:11,51711.49
16-02-12 09:30:11,51800.93
16-02-12 16:00:11,51569.57
16-02-16 09:30:11,51929.64
16-02-16 16:00:11,51523.88
16-02-17 09:30:11,51725.3
16-02-17 16:00:11,51957.27
16-02-18 09:30:11,51956.86
16-02-18 16:00:11,51607.69
16-02-19 09:30:11,51622.48
16-02-19 16:00:11,51918.35
16-02-22 09:30:11,52064.08
16-02-22 16:00:11,51753.3
16-02-23 09:30:11,51762.14
16-02-23 16:00:11,51906.07
16-02-24 09:30:11,51737.86
16-02-24 16:00:11,51673.79
16-02-25 09:30:11,51621.86
16-02-25 16:00:11,51971.98
16-02-26 09:30:10,51858.38
16-02-26 16:00:12,51665.82
16-02-29 09:30:11,51737.17
16-02-29 16:00:11,51726.35
16-03-01 09:30:11,51800.68
16-03-01 16:00:11,51490.75
16-03-02 09:30:10,51536.82
16-03-02 16:00:11,51904.58
16-03-03 09:30:11,52021.02
16-03-03 16:00:11,52118.04
16-03-04 09:30:11,51968.6
16-03-04 16:00:11,51798.3
16-03-07 09:30:11,51784.92
16-03-07 16:00:11,51250.25
16-03-08 09:30:11,51022.68
16-03-08 16:00:11,51006.98
16-03-09 09:30:11,51188.16
16-03-09 16:00:11,50919.17
16-03-10 09:30:11,50844.02
16-03-10 16:00:11,51246.54
16-03-14 09:30:11,51643.06
16-03-14 16:00:11,51823.42
16-03-15 09:30:12,51840.77
16-03-15 16:00:11,52000.24
16-03-16 09:30:11,52023.95
16-03-16 16:00:11,52076.05
16-03-17 09:30:12,52263.85
16-03-17 16:00:11,51897.66
16-03-18 09:30:12,52284.38
16-03-18 16:00:11,52283.75
16-03-21 09:30:11,52235.43
16-03-21 16:00:11,51903.99
16-03-22 09:30:12,51943.6
16-03-22 16:00:11,51815.03
16-03-23 09:30:11,51823.24
16-03-23 16:00:11,51873.77
16-03-24 09:30:12,51863.19
16-03-24 16:00:11,51556.7
16-03-28 09:30:12,51615.77
16-03-28 16:00:11,51886.57
16-03-29 09:30:11,51971.96
16-03-29 16:00:11,51902.14
16-03-30 09:30:12,51922.66
16-03-30 16:00:11,52105.45
16-03-31 09:30:10,52142.19
16-03-31 16:00:11,51927.38
16-04-01 09:30:11,52013.32
16-04-01 16:00:11,51921.77
16-04-04 09:30:10,52000.38
16-04-04 16:00:11,52261.65
16-04-05 09:30:12,52264.22
16-04-05 16:00:11,52340.11
16-04-06 09:30:11,52372.43
16-04-06 16:00:11,52069.16
16-04-07 09:30:12,52069.0
16-04-07 16:00:11,52507.47
16-04-08 09:30:11,52757.9
16-04-08 16:00:11,52641.6
16-04-11 09:30:11,52687.23
16-04-11 16:00:11,52320.5
16-04-12 09:30:12,52333.88
16-04-12 16:00:11,52383.03
16-04-13 09:30:11,52165.26
16-04-13 16:00:11,52118.76
16-04-14 09:30:12,52039.24
16-04-14 16:00:11,51651.38
16-04-15 09:30:12,51597.7
16-04-15 16:00:11,51847.1
16-04-18 09:43:33,51890.72
16-04-18 16:00:11,51790.57
16-04-19 09:30:11,51592.37
16-04-19 16:00:11,51467.99
16-04-20 09:30:11,51417.47
16-04-20 16:00:11,51292.81
16-04-21 09:30:10,51387.67
16-04-21 16:00:11,51697.73
16-04-22 09:30:11,51607.56
16-04-22 16:00:11,51217.97
16-04-25 09:30:11,51242.66
16-04-25 16:00:11,51784.99
16-04-26 09:30:12,51640.0
16-04-26 16:00:11,51499.3
16-04-27 09:30:11,51582.06
16-04-27 16:00:11,51610.75
16-04-28 09:30:12,51693.1
16-04-28 16:00:11,51745.94
16-04-29 09:30:11,51654.8
16-04-29 16:00:11,51689.36
16-05-02 09:30:11,51696.7
16-05-02 16:00:11,51810.55
16-05-03 09:30:11,52133.1
16-05-03 16:00:11,52167.37
16-05-04 09:30:11,52191.07
16-05-04 16:00:11,52439.62
16-05-05 09:30:11,52233.8
16-05-05 16:00:11,52510.47
16-05-06 09:30:11,52353.08
16-05-06 16:00:11,52090.77
16-05-09 09:30:12,52049.09
16-05-09 16:00:11,51876.75
16-05-10 09:30:12,51851.19
16-05-10 16:00:11,51891.7
16-05-11 09:30:12,52041.77
16-05-11 16:00:11,52295.63
16-05-12 09:30:11,52339.76
16-05-12 16:00:11,52265.99
16-05-13 09:30:12,52155.88
16-05-13 16:00:11,52155.0
16-05-16 09:30:11,52105.42
16-05-16 16:00:11,52133.67
16-05-17 09:30:12,52123.58
16-05-17 16:00:11,52538.9
16-05-18 09:30:12,52542.18
16-05-18 16:00:11,52594.11
16-05-19 09:30:12,52586.82
16-05-19 16:00:11,52627.09
16-05-20 09:30:11,52607.37
16-05-20 16:00:11,52615.17
16-05-23 09:30:11,52590.12
16-05-23 16:00:11,52794.64
16-05-24 09:30:11,52893.9
16-05-24 16:00:11,52866.01
16-05-25 09:30:11,52919.13
16-05-25 16:00:11,53076.54
16-05-26 09:30:11,53173.17
16-05-26 16:00:11,53215.25
16-05-27 09:30:11,53225.08
16-05-27 16:00:11,53259.59
16-05-31 14:44:06,53625.0
16-05-31 16:00:11,53637.61
16-06-01 09:30:11,53749.86
16-06-01 16:00:12,53626.22
16-06-02 09:30:11,53637.24
16-06-02 16:00:11,53496.52
16-06-03 09:30:12,53484.44
16-06-03 16:00:11,53556.6
16-06-06 09:30:12,53620.76
16-06-06 16:00:13,53425.5
16-06-07 09:30:13,53364.57
16-06-07 16:00:13,53508.8
16-06-08 09:30:13,53471.66
16-06-08 16:00:11,53293.59
16-06-09 09:30:11,53497.71
16-06-09 16:00:11,53614.51
16-06-10 09:30:12,53835.44
16-06-10 16:00:11,53921.79
16-06-13 09:30:11,53874.22
16-06-13 16:00:11,54082.34
16-06-14 09:30:11,54027.92
16-06-14 16:00:11,53758.92
16-06-15 09:30:11,53895.27
16-06-15 16:00:11,53822.39
16-06-16 09:30:11,53961.42
16-06-16 16:00:11,53842.72
16-06-17 09:30:11,53891.37
16-06-17 16:00:11,53759.24
16-06-20 09:30:11,53977.56
16-06-20 16:00:11,53908.56
16-06-21 09:30:10,53912.2
16-06-21 16:00:11,53705.54
16-06-22 09:30:11,53322.84
16-06-22 16:00:11,53547.84
16-06-23 09:30:11,53506.41
16-06-23 16:00:11,53140.75
16-06-24 09:30:11,54322.16
16-06-24 16:00:11,53908.95
16-06-27 09:30:10,53698.91
16-06-27 16:00:11,53763.66
16-06-28 09:30:11,53942.11
16-06-28 16:00:11,53963.11
16-06-29 09:30:11,53692.71
16-06-29 16:00:11,54099.26
16-06-30 09:30:11,54048.79
16-06-30 16:00:11,53953.85
16-07-01 09:30:11,53929.12
16-07-01 16:00:11,53982.91
16-07-05 09:30:11,53659.88
16-07-05 16:00:11,53499.02
16-07-06 09:30:11,53485.3
16-07-06 16:00:11,53601.95
16-07-07 09:30:11,53601.26
16-07-07 16:00:11,53562.1
16-07-08 09:30:11,53689.45
16-07-08 16:00:11,53654.7
16-07-11 09:30:11,53732.86
16-07-11 16:00:11,53801.52
16-07-12 09:30:11,53795.93
16-07-12 16:00:11,53730.95
16-07-13 09:30:11,53824.65
16-07-13 16:00:11,54067.01
16-07-14 09:30:11,54053.39
16-07-14 16:00:11,53889.35
16-07-15 09:30:11,53810.32
16-07-15 16:00:11,53956.7
16-07-18 09:30:11,53940.88
16-07-18 16:00:11,53995.71
16-07-19 09:30:11,53967.08
16-07-19 16:00:11,54030.35
16-07-20 09:30:11,54053.44
16-07-20 16:00:11,53915.01
16-07-21 09:30:11,53874.52
16-07-21 16:00:11,54089.62
16-07-22 09:30:11,54226.99
16-07-22 16:00:11,54041.97
16-07-25 09:30:11,54022.98
16-07-25 16:00:11,54079.61
16-07-26 09:30:11,54168.66
16-07-26 16:00:11,54331.66
16-07-27 09:30:11,54344.78
16-07-27 16:00:11,54436.87
16-07-28 09:30:11,54414.68
16-07-28 16:00:11,54692.89
16-07-29 09:30:11,54745.03
16-07-29 13:08:41,54556.55
16-07-29 13:25:06,54529.64
16-07-29 15:53:11,54562.97
16-07-29 15:55:20,54554.25
16-07-29 16:00:22,54533.42
16-08-01 09:30:10,54605.09
16-08-01 16:01:10,54620.83
16-08-02 09:30:09,54434.57
16-08-02 16:00:19,54502.8
16-08-03 09:30:08,54423.98
16-08-03 16:00:32,54390.78
16-08-04 09:30:09,54465.66
16-08-04 16:00:37,53861.23
16-08-05 09:30:08,53942.88
16-08-05 16:02:02,53725.2
16-08-08 09:30:09,53802.88
16-08-08 16:08:31,53704.12
16-08-09 09:30:08,53705.0
16-08-09 14:43:33,53639.4
16-08-09 14:49:36,53647.82
16-08-10 09:30:07,53439.7
16-08-10 11:05:21,52926.66
16-08-10 11:08:24,52955.82
16-08-11 09:30:08,60074.83
16-08-11 10:41:39,59805.18
16-08-11 16:01:53,59673.8
16-08-12 10:54:09,59898.73
16-08-12 16:02:01,59821.53
16-08-14 10:26:00,59809.47
16-08-15 09:30:10,59656.43
16-08-15 16:00:14,59854.63
16-08-15 16:01:02,59854.63
16-08-15 16:02:01,59858.83
16-08-15 16:06:09,59858.83
16-08-15 16:07:10,59858.83
16-08-15 16:10:47,59857.81
16-08-15 16:11:00,59857.81
16-08-15 16:12:59,59857.81
16-08-15 16:13:43,59964.68
16-08-15 16:14:49,59964.68
16-08-16 09:30:08,60012.29
16-08-16 16:00:20,59678.83
16-08-17 09:30:05,59477.32
16-08-17 16:00:15,59324.06
16-08-17 16:02:05,59324.06
16-08-17 16:02:05,59324.06
16-08-17 16:09:46,59250.89
16-08-17 16:09:47,59250.89
16-08-17 16:10:24,59250.89
16-08-17 16:10:24,59250.89
16-08-17 16:11:25,59250.89
16-08-17 16:11:26,59250.89
16-08-17 16:11:26,59250.89
16-08-17 16:14:15,59245.28
16-08-18 09:30:07,59293.55
16-08-18 16:02:16,59139.84
16-08-18 16:02:50,59139.84
16-08-18 16:06:48,59139.82
16-08-18 16:06:49,59139.82
16-08-18 16:09:53,59139.8
16-08-18 16:11:29,59139.77
16-08-19 09:30:10,59241.82
16-08-19 16:01:01,59293.68
16-08-19 16:03:03,59279.16
16-08-19 16:04:08,59279.16
16-08-19 16:05:26,59279.16
16-08-19 16:05:42,59279.16
16-08-19 16:06:56,59279.01
16-08-19 16:08:12,59279.01
16-08-19 16:08:12,59279.01
16-08-19 16:08:12,59279.01
16-08-19 16:11:38,59276.22
16-08-19 16:11:38,59276.22
16-08-19 16:13:32,59276.22
16-08-22 09:30:08,59277.0
16-08-22 16:09:46,59389.48
16-08-22 16:11:30,59389.48
16-08-22 16:11:31,59389.48
16-08-22 16:13:38,59389.48
16-08-23 09:42:13,59407.6
16-08-23 16:02:03,59619.47
16-08-23 16:06:16,59612.7
16-08-23 16:06:16,59612.7
16-08-23 16:14:48,59611.6
16-08-23 16:14:55,59611.94
16-08-24 09:30:06,59727.94
16-08-24 16:06:19,59679.58
16-08-24 16:07:14,59679.58
16-08-24 16:07:14,59679.58
16-08-25 09:30:05,59478.15
16-08-25 16:00:10,59661.12
16-08-25 16:01:51,59661.12
16-08-25 16:02:08,59661.12
16-08-25 16:03:16,59692.59
16-08-25 16:03:35,59692.59
16-08-25 16:03:35,59692.59
16-08-25 16:06:23,59643.29
16-08-25 16:06:33,59643.29
16-08-25 16:11:09,59644.03
16-08-26 09:30:11,59710.1
16-08-26 16:00:21,59705.26
16-08-26 16:04:31,59707.98
16-08-26 16:04:32,59707.98
16-08-26 16:11:15,59698.01
16-08-26 16:11:15,59698.01
16-08-26 16:11:15,59698.01
16-08-26 16:11:32,59698.01
16-08-26 16:11:32,59698.01
16-08-29 09:30:08,59626.61
16-08-29 16:00:35,59525.02
16-08-29 16:05:33,59516.76
16-08-29 16:10:30,59519.45
16-08-29 16:11:15,59519.45
16-08-29 16:13:13,59518.98
16-08-30 09:30:05,59481.71
16-08-30 16:00:14,59154.49
16-08-30 16:11:33,59166.13
16-08-30 16:11:33,59166.13
16-08-31 09:30:06,59128.22
16-08-31 16:06:05,58791.64
16-08-31 16:09:44,58793.46
16-08-31 16:10:11,58793.46
16-08-31 16:11:24,58793.46
16-08-31 16:11:49,58793.46
16-08-31 16:12:07,58792.48
16-08-31 16:12:28,58792.48
16-08-31 16:12:31,58792.48
16-08-31 16:14:05,58792.48
16-08-31 16:14:26,58792.48
16-08-31 16:15:20,58788.26
16-08-31 16:15:22,58788.26
16-08-31 16:16:01,58788.26
16-08-31 16:16:48,58788.26
16-08-31 16:17:26,58788.26
16-08-31 16:18:38,58788.79
16-08-31 16:18:56,58788.79
16-08-31 16:19:00,58788.79
16-08-31 16:19:39,58788.79
16-08-31 16:19:41,58788.79
16-08-31 16:20:03,58788.79
16-09-01 09:30:05,58859.83
16-09-01 16:00:21,58835.56
16-09-01 16:02:45,58835.56
16-09-01 16:07:23,58829.38
16-09-01 16:07:24,58829.38
16-09-01 16:07:25,58829.38
16-09-01 16:07:26,58829.38
16-09-01 16:09:05,58843.82
16-09-01 16:09:22,58843.82
16-09-02 09:30:07,58971.79
16-09-02 16:00:12,59029.87
16-09-02 16:05:17,59014.08
16-09-02 16:07:53,59013.05
16-09-02 16:11:17,59012.18
16-09-02 16:11:18,59012.18
