DateTime,Pair,EntryPrice0,ExitPrice0,Qty0,EntryPrice1,ExitPrice1,Qty1,SumProfit,ROI
13-10-02 09:30:00,PMCS_SPIL,6.75,6.69,-230,5.82,5.85,261,18.96,0.62
13-10-08 10:20:25,DHR_WAT,69.48,68.44,22,105.99,104.18,-14,1.21,0.04
13-10-08 11:51:10,NX_IR,18.22,18.21,85,65.30,63.18,-24,48.73,1.56
13-10-14 11:20:55,PMCS_SPIL,6.66,6.63,234,6.00,5.94,-265,6.47,0.21
13-10-18 12:41:35,PPS_TITN,44.67,46.14,-34,16.09,17.03,89,32.49,1.10
13-10-22 10:40:35,PMCS_SPIL,6.79,6.93,-228,5.99,6.20,254,18.70,0.61
13-10-28 11:10:50,PMCS_SPIL,6.57,6.70,236,6.02,6.00,-264,31.03,0.99
13-10-29 09:30:00,PMCS_SPIL,6.87,5.78,-226,6.00,6.00,252,241.69,7.89
13-11-04 11:41:05,PPS_TITN,45.81,45.72,34,17.32,16.93,-92,31.43,1.00
13-11-14 09:30:00,IILG_FLY,24.71,24.97,-41,14.46,14.62,69,-1.43,-0.01
13-11-20 14:12:20,PPS_TITN,45.30,43.89,34,17.38,16.85,-90,-1.64,-0.01
13-11-21 10:30:30,IILG_FLY,24.62,25.40,42,14.73,14.95,-72,15.16,0.79
13-11-25 11:41:05,IILG_FLY,25.50,25.68,-40,14.75,15.09,68,14.48,0.78
13-11-25 11:51:10,PMCS_SPIL,5.93,5.94,263,6.05,5.68,-293,108.14,3.35
13-11-26 11:31:00,IILG_FLY,25.59,25.93,40,15.21,15.21,-68,11.76,0.63
13-12-03 10:40:35,PNR_DOX,70.97,69.89,-29,40.25,40.35,50,35.15,0.90
13-12-03 12:01:15,PPS_TITN,43.79,43.02,23,17.69,16.89,-58,27.46,1.41
13-12-06 13:01:45,ALKS_MNTA,38.79,39.15,-26,17.22,17.82,56,23.08,1.24
13-12-11 10:00:15,PMCS_SPIL,6.03,6.04,-343,5.78,5.95,362,53.60,1.39
13-12-12 10:20:25,PNR_DOX,70.92,69.54,-29,40.46,40.22,50,26.84,0.69
13-12-13 12:11:20,PMCS_SPIL,5.93,5.94,351,5.95,5.84,-367,42.58,1.11
13-12-16 10:20:25,PMCS_SPIL,6.12,6.25,341,6.08,6.06,-353,46.84,1.21
13-12-16 11:41:05,ALKS_MNTA,39.80,38.38,-52,17.55,17.47,118,63.29,1.56
13-12-24 11:10:50,PPS_TITN,44.62,45.41,-46,14.35,17.09,123,299.04,7.87
13-12-26 10:00:20,CXO_TCP,104.21,105.84,-19,44.51,47.26,43,85.96,2.24
13-12-30 10:35:30,CRH_MLM,24.77,25.39,-84,96.28,100.63,21,38.24,0.96
13-12-30 14:02:15,DHR_WAT,68.42,76.79,-22,103.54,100.76,14,-224.31,-7.55
14-01-03 09:30:05,PMCS_SPIL,6.27,6.28,-331,6.07,6.03,343,-21.18,-0.41
14-01-03 10:00:15,ALKS_MNTA,39.87,40.16,-52,17.46,18.48,116,102.72,2.54
14-01-06 10:30:30,ALKS_MNTA,40.07,40.67,52,18.76,18.55,-118,54.62,1.30
14-01-06 15:02:45,NX_IR,20.29,19.62,-103,61.54,61.34,33,60.89,1.51
14-01-07 10:11:00,DHR_WAT,76.43,76.34,-27,98.30,99.48,20,24.79,0.65
14-01-09 09:50:10,ALKS_MNTA,42.66,43.16,-49,18.81,19.68,106,66.28,1.65
14-01-09 11:41:05,PMCS_SPIL,6.31,6.27,-331,5.90,5.98,357,34.45,0.92
14-01-09 14:52:40,DHR_WAT,76.53,77.42,27,100.84,100.70,-20,25.71,0.66
14-01-10 09:33:55,CRH_MLM,25.91,26.76,-81,100.15,105.04,20,27.65,0.71
14-01-13 10:20:25,IILG_FLY,26.45,29.80,-78,15.35,16.37,132,-127.72,-3.09
14-01-13 10:50:40,NX_IR,20.28,20.04,-103,62.17,63.37,33,63.12,1.56
14-01-14 09:30:25,DHR_WAT,77.26,77.98,27,100.92,100.81,-20,20.49,0.53
14-01-14 09:50:10,PMCS_SPIL,6.28,6.44,338,6.10,6.13,-366,38.87,0.99
14-01-22 11:20:55,NX_IR,19.74,19.68,107,63.26,61.97,-34,36.20,0.88
14-01-22 12:01:15,PNR_DOX,71.30,77.08,-29,40.62,42.50,50,-74.59,-1.79
14-01-24 09:30:25,PMCS_SPIL,6.69,6.57,-316,6.19,6.11,343,6.19,0.24
14-01-24 15:22:55,MSCC_PRGS,23.72,23.07,-87,24.32,24.06,83,33.87,0.86
14-01-27 09:34:10,CRH_MLM,27.03,26.43,78,108.58,104.73,-19,25.00,0.63
14-01-28 09:40:05,PMCS_SPIL,6.45,6.28,-327,5.97,5.94,363,41.13,1.06
14-01-28 12:01:15,CRH_MLM,26.73,27.13,79,107.98,106.84,-20,53.13,1.27
14-01-31 09:50:15,NX_IR,19.31,18.56,-107,60.02,58.35,34,22.01,0.57
14-02-03 13:21:55,NX_IR,18.95,18.20,-110,58.48,57.34,35,41.81,1.05
14-02-04 10:01:05,CXO_TCP,103.58,98.54,20,47.56,45.63,-43,-19.09,-0.43
14-02-05 10:10:20,NX_IR,18.27,18.57,116,57.81,57.80,-37,33.24,0.82
14-02-06 11:10:50,NX_IR,18.01,18.61,117,57.84,58.25,-37,54.08,1.31
14-02-10 09:40:05,NX_IR,18.43,20.01,114,59.19,59.74,-36,159.68,3.81
14-02-20 11:10:50,PNR_DOX,75.76,79.20,27,42.79,43.82,-49,41.34,1.03
14-02-20 12:11:20,NX_IR,20.09,19.21,-104,59.80,59.50,32,80.93,2.06
14-02-24 12:01:15,NX_IR,18.87,19.75,110,59.59,60.64,-36,57.86,1.40
14-02-25 09:34:30,CRH_MLM,26.26,29.98,80,106.19,117.34,-20,73.55,1.77
14-02-26 09:37:45,CRH_MLM,29.85,29.28,-70,116.55,119.24,16,81.43,2.09
14-02-27 10:40:35,IILG_FLY,27.46,27.78,77,15.31,15.17,-140,43.36,1.05
14-02-27 11:31:00,DHR_WAT,77.43,77.09,27,101.48,112.04,-20,-221.54,-5.35
14-02-28 13:11:50,IILG_FLY,30.24,27.77,-68,15.10,15.13,125,170.09,4.35
14-03-03 15:14:45,NX_IR,19.45,19.47,108,61.36,60.11,-35,44.71,1.09
14-03-04 10:20:25,IILG_FLY,26.50,27.79,79,15.00,15.19,-151,71.14,1.66
14-03-04 12:12:35,CRH_MLM,29.19,29.52,71,122.51,121.17,-18,46.13,1.11
14-03-05 09:50:10,NX_IR,20.19,19.81,-103,60.98,61.43,33,52.92,1.33
14-03-06 09:34:45,CRH_MLM,28.87,29.07,73,121.43,121.62,-17,10.12,0.27
14-03-07 09:30:05,MSCC_PRGS,22.92,23.97,92,24.27,22.48,-87,251.07,5.98
14-03-07 09:50:45,NX_IR,20.09,20.06,-104,61.14,62.30,33,40.13,1.01
14-03-07 09:52:40,DHR_WAT,76.66,76.99,27,113.33,112.24,-18,27.24,0.69
14-03-10 14:32:30,DHR_WAT,77.20,76.86,-27,112.03,112.66,18,19.32,0.50
14-03-12 09:30:05,PMCS_SPIL,6.37,7.75,-331,5.89,6.58,362,-211.88,-4.89
14-03-12 09:51:30,SSL_APD,53.78,52.47,-39,120.22,119.51,17,37.67,0.94
14-03-12 10:22:20,PNR_DOX,81.80,80.00,-25,44.63,44.78,45,50.44,1.28
14-03-18 12:21:25,PMCS_SPIL,7.72,7.77,276,6.94,6.70,-325,88.53,2.10
14-03-19 11:31:00,CXO_TCP,102.31,117.42,-20,45.50,47.37,44,-221.10,-5.43
14-03-19 14:52:40,SSL_APD,54.27,53.26,-39,120.98,121.50,17,46.81,1.15
14-03-20 10:00:20,PPS_TITN,46.06,48.01,-45,16.30,16.03,124,-121.96,-2.95
14-03-21 09:30:05,PMCS_SPIL,7.71,7.70,-276,6.46,6.71,328,84.72,2.08
14-03-21 14:22:25,DHR_WAT,76.95,75.19,27,113.78,111.29,-18,-4.00,-0.07
14-03-24 12:21:25,SSL_APD,52.36,52.93,40,121.78,121.03,-17,34.38,0.86
14-03-24 15:43:05,IILG_FLY,27.86,26.54,78,15.31,14.96,-139,-54.99,-1.25
14-04-01 09:50:10,IILG_FLY,25.83,26.51,135,14.95,14.99,-236,80.40,1.17
14-04-04 09:37:10,CRH_MLM,28.62,28.70,74,123.21,125.29,-17,-30.84,-0.70
14-04-08 11:00:45,CNX_BHI,40.64,41.31,85,64.51,64.11,-54,77.62,1.14
14-04-09 12:11:25,IILG_FLY,26.60,26.21,-129,14.75,14.80,229,59.43,0.90
14-04-10 09:30:10,PPS_TITN,49.26,50.07,-71,15.70,16.30,217,72.77,1.07
14-04-14 09:53:00,CRH_MLM,29.10,28.67,-119,122.91,126.06,27,135.01,2.01
14-04-15 09:50:20,CXO_TCP,125.51,129.04,27,50.55,50.95,-68,66.67,1.00
14-04-17 10:10:20,NX_IR,20.16,20.01,-105,60.92,57.97,33,-82.91,-1.98
14-04-22 10:10:20,CXO_TCP,130.44,129.95,-24,50.18,51.66,60,99.08,1.63
14-04-23 13:23:05,IILG_FLY,26.26,26.29,-129,14.61,14.83,229,44.04,0.68
14-04-25 13:01:45,MSCC_PRGS,24.03,23.80,-88,22.64,21.64,83,-64.21,-1.58
14-04-25 14:12:20,CXO_TCP,134.87,128.80,-20,51.69,50.92,51,80.73,1.54
14-04-28 10:01:35,CEB_GPX,70.88,69.95,-38,25.74,25.35,102,-5.29,-0.08
14-04-29 14:02:15,CNX_BHI,40.87,44.14,77,65.59,70.21,-48,28.85,0.48
14-05-01 10:33:25,CEB_GPX,65.95,67.94,41,25.71,25.13,-109,144.06,2.64
14-05-02 13:11:50,PPS_TITN,50.09,50.42,69,17.52,17.14,-222,106.98,1.47
14-05-05 10:50:40,CNX_BHI,44.90,44.45,-59,69.44,70.36,37,59.22,1.16
14-05-05 14:15:15,CEB_GPX,67.91,68.07,39,26.04,25.39,-99,69.70,1.36
14-05-06 09:30:05,MSCC_PRGS,23.18,23.64,116,21.88,22.08,-126,27.38,0.53
14-05-07 09:33:10,CXO_TCP,127.78,134.36,21,51.51,51.96,-53,112.79,2.11
14-05-07 14:32:30,CEB_GPX,66.17,65.91,-40,25.01,24.50,108,-45.56,-0.83
14-05-08 09:40:05,IILG_FLY,25.92,24.51,-104,14.34,13.93,186,69.36,1.32
14-05-12 09:32:30,CNX_BHI,43.71,43.99,61,70.87,69.37,-38,72.76,1.38
14-05-13 12:21:25,CXO_TCP,134.31,130.95,-19,50.89,50.98,49,66.81,1.35
14-05-14 10:20:25,CEB_GPX,66.38,66.39,-40,23.97,24.82,108,89.95,1.74
14-05-15 11:00:55,CRH_MLM,28.75,27.06,-94,123.14,117.44,21,38.18,0.75
14-05-20 12:52:30,CRH_MLM,27.10,27.17,99,119.89,116.83,-23,76.32,1.43
14-05-23 09:30:05,MSCC_PRGS,23.96,24.01,113,21.77,21.59,-123,27.41,0.54
14-05-27 10:40:35,EZA_EWH,66.43,69.10,-40,20.21,21.06,129,2.25,0.07
14-05-28 11:20:55,ALKS_MNTA,44.82,45.75,-47,19.73,12.84,103,-754.56,-18.20
14-05-28 14:12:20,PPS_TITN,51.32,51.00,-51,16.21,17.42,158,206.18,4.01
14-05-29 14:52:50,CXO_TCP,129.84,132.90,20,52.43,51.96,-50,83.09,1.62
14-05-29 14:52:55,CNX_BHI,44.82,44.59,-60,69.59,70.85,38,60.35,1.16
14-06-04 09:40:15,SSL_APD,54.69,56.20,-64,121.25,121.27,27,-97.53,-1.42
14-06-06 15:33:00,PNR_DOX,79.31,77.32,26,45.29,48.43,-46,-197.34,-4.73
14-06-11 12:31:30,PMCS_SPIL,7.46,7.69,468,6.62,8.30,-549,-824.38,-11.48
14-06-18 09:30:30,PNR_DOX,75.37,75.48,35,48.59,47.65,-55,54.11,1.04
14-06-18 09:32:40,SSL_APD,57.60,58.97,-45,119.64,129.25,20,129.50,2.62
14-06-18 15:33:00,EZA_EWH,68.16,69.51,39,21.25,21.14,-127,66.03,1.26
14-06-19 09:32:50,CEB_GPX,66.59,67.97,-40,24.28,24.36,109,-47.72,-0.87
14-06-20 12:42:05,CNX_BHI,45.09,47.14,-59,69.91,74.60,37,51.22,1.00
14-06-25 10:30:30,PNR_DOX,75.40,74.02,-35,47.40,47.00,55,24.66,0.49
14-06-25 13:52:10,PMCS_SPIL,7.65,7.53,-345,8.06,8.19,324,76.75,1.55
14-06-26 14:23:40,PNR_DOX,73.89,73.07,-35,46.36,46.43,55,31.65,0.64
14-06-27 09:30:05,MSCC_PRGS,24.63,27.01,-108,21.92,24.30,120,28.14,0.56
14-06-27 09:50:10,PNR_DOX,73.01,72.72,36,46.35,46.17,-57,-1.72,-0.01
14-07-01 10:00:15,IILG_FLY,23.15,22.32,116,13.85,14.45,-216,-226.65,-3.97
14-07-08 09:30:15,BRKR_ININ,21.20,23.65,-128,66.19,55.64,40,-736.37,-13.70
14-07-09 13:32:00,PMCS_SPIL,7.60,7.45,353,8.51,8.26,-326,22.01,0.49
14-07-09 15:12:50,EZA_EWH,69.12,69.78,38,21.22,21.04,-125,45.87,0.89
14-07-11 09:30:05,CEB_GPX,65.73,67.63,40,24.48,24.81,-107,39.49,0.78
14-07-15 09:30:10,IILG_FLY,21.38,21.70,-125,13.96,14.32,192,27.13,0.54
14-07-16 09:30:15,PMCS_SPIL,7.27,7.27,367,8.31,7.94,-331,116.15,2.23
14-07-17 10:51:05,CXO_TCP,133.20,144.82,-20,50.37,52.72,51,-113.98,-2.15
14-07-18 09:30:00,PMCS_SPIL,7.28,7.23,-360,7.82,7.76,322,-4.97,-0.01
14-07-23 10:50:40,PMCS_SPIL,7.47,7.25,-352,7.73,7.73,332,71.53,1.47
14-07-25 09:50:10,CEB_GPX,68.21,65.06,-38,24.02,23.58,106,71.76,1.42
14-07-29 14:23:00,CXO_TCP,147.02,146.56,17,53.09,52.88,-47,0.86,0.04
14-07-30 12:41:35,NX_IR,19.62,17.51,138,59.90,60.98,-46,-342.75,-6.24
14-08-04 12:21:25,ALKS_MNTA,51.51,42.33,-51,12.62,10.72,190,105.99,2.14
14-08-06 09:50:10,IILG_FLY,21.28,22.57,124,14.52,14.73,-185,118.66,2.26
14-08-07 09:30:10,BRKR_ININ,23.06,20.15,-116,52.71,43.68,51,-124.50,-2.29
14-08-08 09:30:15,IILG_FLY,21.92,21.45,119,14.87,14.77,-177,-40.71,-0.75
14-08-11 09:41:05,PNR_DOX,72.03,67.97,37,46.38,44.56,-57,-47.72,-0.87
14-08-12 11:00:45,EZA_EWH,71.77,71.50,36,22.01,21.85,-118,8.35,0.19
14-08-15 12:31:30,CEB_GPX,63.20,65.15,41,25.20,24.65,-112,140.91,2.63
14-08-20 14:22:25,MSCC_PRGS,26.79,25.14,100,24.51,23.21,-121,-8.13,-0.12
14-08-21 09:30:15,ALKS_MNTA,41.70,44.10,63,11.30,11.47,-235,109.16,2.09
14-08-22 09:30:20,PMCS_SPIL,6.78,7.16,-383,6.83,7.43,366,68.84,1.45
14-08-27 13:11:50,EZA_EWH,70.75,71.96,37,22.03,22.29,-119,12.57,0.26
14-09-02 09:30:15,IILG_FLY,21.76,21.42,120,14.69,14.53,-178,-12.85,-0.22
14-09-03 12:31:30,CRH_MLM,27.40,23.80,98,119.92,128.77,-22,-548.18,-10.27
14-09-04 09:31:00,SSL_APD,59.04,59.60,45,130.32,132.89,-21,-29.77,-0.53
14-09-05 10:40:45,CNX_BHI,45.72,39.75,58,73.80,67.17,-36,-108.77,-2.02
14-09-11 12:01:15,PPS_TITN,52.32,53.51,-49,17.22,14.02,148,-532.70,-10.39
14-09-15 10:10:20,ALKS_MNTA,44.14,44.26,59,11.99,11.16,-224,191.09,3.64
14-09-15 12:11:20,IILG_FLY,20.43,20.53,129,14.15,13.98,-188,44.19,0.87
14-09-16 09:30:50,CRH_MLM,24.18,23.23,-109,129.98,127.54,20,52.91,1.04
14-09-17 09:30:10,EZA_EWH,69.86,68.77,37,22.04,21.53,-119,18.68,0.38
14-09-19 10:41:05,CRH_MLM,23.79,23.36,-111,128.17,127.94,20,41.54,0.83
14-09-23 09:51:50,CRH_MLM,23.97,23.37,-108,128.49,128.69,19,67.58,1.37
14-09-24 09:30:15,MSCC_PRGS,26.09,25.12,-100,23.07,22.40,111,21.74,0.45
14-09-26 14:52:40,PNR_DOX,68.60,67.46,38,46.48,46.44,-56,-42.32,-0.79
14-09-30 12:31:30,CNX_BHI,38.03,37.61,69,67.80,65.43,-39,62.43,1.21
14-10-01 09:30:10,EZA_EWH,66.76,64.57,39,21.18,20.30,-125,23.76,0.48
14-10-02 13:52:40,CRH_MLM,23.12,22.24,113,129.82,122.69,-20,42.36,0.84
14-10-03 09:40:05,PMCS_SPIL,7.29,7.13,-360,7.24,6.84,360,-92.59,-1.68
14-10-03 12:51:40,CNX_BHI,35.80,35.56,-72,60.97,62.19,41,66.08,1.33
14-10-06 09:50:10,IILG_FLY,20.27,19.20,-130,13.63,13.06,189,29.42,0.60
14-10-06 12:11:20,BRKR_ININ,18.56,19.59,140,41.82,41.96,-63,133.10,2.58
14-10-09 11:20:55,CRH_MLM,22.55,21.50,-114,122.10,118.76,20,51.57,1.06
14-10-10 11:41:15,CNX_BHI,33.21,32.31,77,59.35,56.21,-43,64.42,1.29
14-10-10 15:22:55,ALKS_MNTA,42.50,40.82,61,11.36,10.38,-236,127.33,2.44
14-10-15 13:52:10,ALKS_MNTA,40.22,39.68,-63,9.60,10.38,236,216.05,4.53
14-10-16 10:20:25,BRKR_ININ,19.68,18.64,-130,42.22,40.56,60,33.67,0.69
14-10-16 12:54:10,CRH_MLM,20.91,20.42,-122,113.25,112.48,22,41.47,0.85
14-10-16 15:43:05,PMCS_SPIL,6.56,6.93,391,6.43,6.48,-416,119.40,2.38
14-10-17 10:30:30,PNR_DOX,64.38,63.90,40,45.50,44.73,-56,22.98,0.47
14-10-21 12:59:00,PPS_TITN,52.07,54.67,51,13.56,13.82,-199,79.79,1.51
14-10-27 11:01:30,EZA_EWH,63.83,65.96,40,20.41,21.00,-127,9.03,0.20
14-10-28 09:30:15,PMCS_SPIL,7.30,7.31,311,6.92,6.65,-343,94.87,2.13
14-10-28 09:42:20,PPS_TITN,55.07,54.62,47,14.59,14.15,-189,60.79,1.16
14-10-28 11:01:10,PNR_DOX,66.44,66.01,-38,46.07,46.94,53,61.08,1.26
14-10-29 09:30:00,AZPN_MXIM,37.62,32.34,-63,28.01,28.49,86,372.83,7.83
14-10-29 09:55:45,CEB_GPX,61.33,68.90,42,29.36,30.15,-87,247.93,4.86
14-10-30 09:40:00,PPS_TITN,54.74,54.39,41,14.45,14.34,-158,2.08,0.07
14-10-30 10:10:00,AZPN_MXIM,36.51,37.01,63,28.84,28.43,-87,65.74,1.39
14-10-31 14:54:50,PNR_DOX,66.93,66.86,-34,46.75,47.43,48,33.84,0.78
14-11-04 15:41:50,PPS_TITN,54.46,56.20,-42,13.74,14.50,159,46.83,1.08
14-11-05 09:31:35,PNR_DOX,66.08,66.69,33,47.66,47.74,-46,14.90,0.37
14-11-05 09:50:40,PPS_TITN,56.54,56.31,-39,14.62,14.51,157,-9.92,-0.19
14-11-06 09:30:00,MSCC_PRGS,25.09,26.15,103,24.07,26.01,-112,-108.62,-2.03
14-11-06 10:10:55,PPS_TITN,56.18,55.94,39,14.81,14.35,-157,61.40,1.39
14-11-06 11:00:50,CXO_TCP,140.36,110.86,18,52.00,62.79,-49,-1061.32,-20.89
14-11-06 11:59:20,EZA_EWH,68.58,66.51,-33,21.50,21.32,104,48.55,1.11
14-11-06 15:28:15,CRH_MLM,22.42,22.50,-101,114.57,122.34,18,130.00,3.04
14-11-07 09:30:05,NX_IR,17.01,20.05,-152,58.72,63.03,43,-278.17,-5.40
14-11-07 10:20:20,PMCS_SPIL,7.27,7.55,-313,6.54,6.99,338,58.87,1.40
14-11-11 09:30:50,ACC_BIP,39.67,39.73,-56,40.20,40.84,54,30.28,0.72
14-11-13 11:01:30,PPS_TITN,55.80,56.69,40,14.59,14.61,-155,31.62,0.73
14-11-14 10:00:40,PMCS_SPIL,7.76,7.63,-289,7.00,7.14,330,80.71,1.86
14-11-19 10:40:30,PNR_DOX,67.84,67.14,-33,47.32,47.50,46,29.72,0.70
14-11-24 09:30:05,IILG_FLY,19.06,21.90,-135,12.62,13.31,202,-243.26,-4.75
14-11-24 14:08:10,PPS_TITN,57.05,57.95,-39,14.08,14.66,152,53.17,1.22
14-11-25 09:30:00,ACC_BIP,38.68,39.64,55,40.93,41.41,-52,27.52,0.65
14-11-25 10:10:45,CRH_MLM,22.17,23.44,101,124.61,129.58,-18,39.30,0.88
14-11-28 09:50:15,EZA_EWH,69.76,68.95,-32,21.50,21.66,101,39.84,0.90
14-11-28 10:10:55,ACC_BIP,39.83,40.40,71,41.99,41.52,-64,67.49,1.22
14-12-02 12:34:45,CEB_GPX,73.17,72.18,-38,30.31,30.73,92,73.95,1.33
14-12-08 10:11:05,ACC_BIP,39.57,40.53,70,41.69,42.30,-67,24.18,0.43
14-12-10 13:05:05,IHF_USPH,112.73,116.91,-20,38.66,39.81,58,-19.62,-0.44
14-12-16 10:02:35,IILG_FLY,22.13,20.21,137,13.61,12.45,-223,-9.97,-0.16
14-12-16 10:51:40,CNX_BHI,32.52,33.94,-78,55.05,55.57,44,-89.83,-1.81
14-12-18 09:30:30,EZA_EWH,66.37,64.59,41,21.43,20.25,-128,74.56,1.36
14-12-19 10:19:05,IHF_USPH,116.97,118.94,21,40.40,40.64,-61,24.39,0.50
14-12-23 11:30:35,PPS_TITN,58.31,59.28,-48,13.70,14.64,189,127.67,2.37
14-12-26 15:56:10,SSL_APD,57.10,38.49,46,131.42,149.16,-20,-1213.19,-23.09
14-12-29 13:45:10,TAL_CGI,40.99,44.08,63,20.89,22.95,-123,-62.07,-1.20
14-12-30 10:15:50,IILG_FLY,20.74,20.84,158,13.27,12.92,-251,97.82,1.48
15-01-05 09:30:40,ACC_BIP,40.44,42.00,-62,41.65,42.35,58,-59.02,-1.20
15-01-06 10:42:45,CRH_MLM,23.59,22.81,-119,122.73,107.82,22,-237.88,-4.32
15-01-06 15:11:35,IHF_USPH,116.83,116.21,27,39.77,40.04,78,1.72,0.03
15-01-09 10:38:20,ACC_BIP,42.70,42.95,-76,42.09,42.83,75,34.19,0.53
15-01-12 09:32:40,EZA_EWH,66.19,64.94,-48,20.56,20.87,152,103.65,1.64
15-01-14 09:35:30,NX_IR,17.66,18.56,184,63.93,60.74,-52,327.76,4.99
15-01-15 09:35:10,ACC_BIP,43.63,43.33,-73,42.78,43.20,73,50.20,0.80
15-01-15 15:08:05,TAL_CGI,40.48,41.24,80,21.76,22.12,-150,3.93,0.06
15-01-15 15:58:30,IILG_FLY,21.54,22.04,-150,13.11,13.63,238,44.66,0.70
15-01-16 13:03:20,IHF_USPH,117.49,119.24,-27,39.98,40.78,78,12.14,0.19
15-01-20 12:25:50,MSCC_PRGS,28.81,26.44,-95,26.73,25.56,101,104.06,1.91
15-01-21 09:30:55,EZA_EWH,65.19,66.18,49,21.26,21.10,-150,69.97,1.10
15-01-21 13:37:40,PMCS_SPIL,8.73,8.78,-314,7.40,8.02,367,201.61,3.69
15-01-22 11:40:20,MSCC_PRGS,27.09,26.90,-120,25.52,25.91,125,68.87,1.07
15-01-23 10:11:10,MSCC_PRGS,26.50,27.78,122,26.23,26.09,-128,170.12,2.58
15-01-26 13:37:20,IILG_FLY,22.55,22.62,-144,13.46,13.88,235,86.31,1.35
15-01-27 14:06:10,EZA_EWH,67.98,68.26,-47,21.32,21.76,148,48.30,0.76
15-01-28 10:47:05,TAL_CGI,42.34,42.66,-76,21.99,22.73,144,79.43,1.24
15-01-28 14:37:55,IHF_USPH,118.54,120.86,-27,39.27,40.26,80,13.55,0.21
15-01-29 13:17:40,TAL_CGI,42.09,42.34,76,23.73,22.50,140,-156.58,-2.40
15-01-29 13:55:40,CEB_GPX,72.45,70.81,38,31.40,33.31,-88,-233.38,-4.23
15-01-30 14:42:35,PPS_TITN,60.08,61.08,-54,12.85,13.82,235,170.16,2.72
15-02-04 10:13:00,CEB_GPX,69.23,71.34,47,32.99,33.17,-98,78.47,1.21
15-02-04 10:20:55,ACC_BIP,43.54,44.79,-74,42.90,43.74,74,-33.00,-0.52
15-02-04 14:12:15,CEB_GPX,71.30,70.70,46,32.90,33.70,94,45.00,0.71
15-02-06 11:05:40,CRH_MLM,23.91,26.21,-136,108.69,118.27,29,-38.29,-0.60
15-02-09 15:46:05,IHF_USPH,120.86,119.86,-27,39.36,39.54,81,38.58,0.60
15-02-10 09:30:20,EZA_EWH,70.35,68.25,-46,21.74,21.76,145,96.41,1.51
15-02-17 15:07:25,IHF_USPH,123.18,123.71,26,41.38,40.62,-78,70.05,1.09
15-02-20 12:44:40,IHF_USPH,124.03,124.36,25,41.41,40.82,-75,50.16,0.81
15-02-23 09:31:25,IILG_FLY,23.08,25.75,-142,13.32,14.80,242,-26.59,-0.41
15-02-24 11:31:25,CEB_GPX,74.63,78.84,-44,34.57,34.90,92,-157.76,-2.44
15-02-26 15:27:40,IHF_USPH,126.63,126.81,-25,40.94,41.94,75,67.73,1.09
15-02-27 09:30:15,EZA_EWH,70.65,68.54,-45,21.90,21.70,143,63.88,1.01
15-03-03 10:28:15,TAL_CGI,42.50,41.90,77,23.67,25.36,-142,-289.00,-4.36
15-03-05 10:13:25,EZA_EWH,67.68,68.00,47,21.78,21.50,-148,53.02,0.83
15-03-09 10:57:35,ACC_BIP,44.51,40.47,74,44.21,42.93,-76,-204.24,-3.07
15-03-09 11:21:30,IILG_FLY,25.95,26.34,124,15.28,14.92,-219,121.78,1.86
15-03-10 09:40:45,PPS_TITN,57.75,55.07,56,14.18,12.45,-238,258.85,3.92
15-03-18 14:22:55,EZA_EWH,66.26,66.55,48,21.45,21.27,-150,37.38,0.58
15-03-20 09:35:55,CRH_MLM,27.04,27.64,120,130.38,140.04,-26,-182.42,-2.75
15-03-24 12:14:15,ACC_BIP,40.63,42.90,-79,42.59,45.51,74,33.89,0.53
15-03-26 09:42:45,CRH_MLM,27.62,26.68,-115,141.03,140.23,21,88.39,1.44
15-03-26 10:36:55,IHF_USPH,127.22,130.97,25,42.66,46.23,-76,-180.45,-2.81
15-03-26 15:52:20,CEB_GPX,79.29,78.00,40,37.41,35.91,-90,80.54,1.23
15-03-31 09:42:45,ACC_BIP,41.91,42.60,76,45.88,45.42,-70,82.05,1.28
15-04-02 10:28:15,CEB_GPX,79.62,81.83,40,37.22,37.32,-86,77.48,1.21
15-04-06 09:40:40,TAL_CGI,39.54,40.91,81,24.95,26.56,-130,-101.03,-1.57
15-04-08 09:31:05,ACC_BIP,43.49,43.06,74,46.54,45.00,-69,72.08,1.12
15-04-08 09:31:55,EZA_EWH,70.28,70.86,-45,22.23,23.21,139,107.64,1.72
15-04-13 10:35:00,AZPN_MXIM,35.98,40.27,77,29.41,35.37,-99,-261.56,-4.60
15-04-13 11:07:25,CRH_MLM,26.93,26.35,-119,136.57,138.94,23,121.24,1.91
15-04-16 14:20:10,TAL_CGI,41.69,42.21,-77,26.22,27.60,119,121.05,1.91
15-04-17 12:31:00,IHF_USPH,133.59,132.81,24,48.52,47.41,-66,52.15,0.81
15-04-22 10:41:05,IHF_USPH,134.03,133.16,24,48.97,47.93,-66,45.37,0.70
15-04-23 09:37:10,ACC_BIP,41.44,41.74,77,44.63,44.62,-71,20.95,0.33
15-04-23 11:59:50,IHF_USPH,133.64,134.18,24,48.69,48.32,-65,34.38,0.54
15-04-24 14:17:30,MSCC_PRGS,27.62,32.47,-116,26.02,26.10,120,-555.81,-8.79
15-04-27 10:18:05,IILG_FLY,25.74,26.02,125,14.69,15.04,-220,-46.27,-0.72
15-04-28 09:30:05,EZA_EWH,71.03,71.93,45,23.90,24.01,-136,21.85,0.34
15-04-28 10:00:50,IHF_USPH,134.60,132.60,-24,48.09,47.67,66,17.49,0.27
15-04-28 11:41:20,NX_IR,18.92,20.39,167,68.26,68.73,-47,219.97,3.45
15-04-29 11:22:35,ACC_BIP,42.27,41.54,-76,44.70,44.44,71,33.77,0.53
15-04-30 09:42:05,CRH_MLM,28.23,27.95,-114,141.84,143.92,22,75.34,1.19
15-04-30 10:35:15,TAL_CGI,41.84,38.74,-78,26.20,25.41,119,144.64,2.27
15-04-30 11:11:40,IHF_USPH,131.59,130.86,24,47.84,47.39,-66,9.72,0.15
15-05-01 11:23:25,IHF_USPH,128.72,129.12,25,46.86,46.68,-68,19.82,0.31
15-05-08 09:59:15,IHF_USPH,130.49,130.38,-25,46.46,47.07,68,41.62,0.65
15-05-11 11:13:40,IILG_FLY,25.04,25.74,130,14.75,14.96,-224,39.66,0.60
15-05-12 15:22:05,PPS_TITN,55.53,56.89,58,14.23,13.94,-233,143.25,2.19
15-05-14 09:31:00,EZA_EWH,69.84,69.51,47,24.24,23.55,-138,76.43,1.15
15-05-15 11:59:45,TAL_CGI,38.81,37.60,84,26.32,24.73,-132,104.66,1.55
15-05-21 10:10:40,CNX_BHI,31.12,31.92,104,56.85,65.18,-57,-394.73,-6.09
15-05-26 10:04:40,IHF_USPH,130.53,135.44,25,47.83,49.63,-71,-7.36,-0.11
15-05-28 09:30:40,ACC_BIP,41.27,39.31,79,44.49,43.60,-74,-91.71,-1.40
15-05-29 09:42:45,CRH_MLM,27.77,28.38,117,148.11,150.71,-23,8.54,0.13
15-05-29 10:22:30,PMCS_SPIL,8.40,9.01,390,8.41,8.21,-408,308.92,4.61
15-05-29 11:20:55,IILG_FLY,26.47,26.27,124,16.13,15.53,-209,95.62,1.44
15-06-04 09:31:55,CRH_MLM,27.63,28.05,118,150.32,146.79,-22,124.11,1.89
15-06-04 09:33:50,MSCC_PRGS,36.00,35.87,-90,26.49,27.16,119,87.83,1.37
15-06-05 09:30:35,ACC_BIP,39.55,37.97,-83,43.38,43.00,75,99.61,1.52
15-06-05 09:52:20,CRH_MLM,28.09,27.56,-117,146.62,148.43,22,98.79,1.52
15-06-09 09:34:55,ACC_BIP,38.70,38.58,-85,42.79,43.14,76,34.13,0.52
15-06-10 11:04:50,CEB_GPX,83.94,86.84,-39,36.98,32.82,84,-465.41,-7.29
15-06-10 12:54:35,ACC_BIP,38.42,38.86,86,43.60,43.48,76,25.89,0.39
15-06-11 10:21:15,TAL_CGI,37.00,35.27,-88,22.89,23.35,135,211.45,3.33
15-06-12 14:53:15,IHF_USPH,136.32,137.65,-24,49.11,50.15,65,32.88,0.51
15-06-16 10:00:05,NX_IR,18.26,19.82,181,67.09,69.02,-50,182.16,2.74
15-06-16 10:00:10,ACC_BIP,38.91,38.85,85,44.07,43.17,-75,59.56,0.90
15-06-17 15:02:40,EZA_EWH,69.50,63.96,47,24.13,23.41,-138,-164.15,-2.49
15-06-25 11:57:25,TAL_CGI,35.76,34.37,-96,22.63,22.19,148,64.18,0.95
15-06-25 13:57:35,IHF_USPH,140.89,145.76,24,52.24,53.39,-65,39.73,0.59
15-06-26 09:44:15,CEB_GPX,86.56,89.20,39,33.20,34.07,-103,10.46,0.15
15-06-30 09:31:05,BTI_PM,109.53,108.35,-31,81.53,80.64,40,-1.70,-0.03
15-06-30 11:05:35,CEB_GPX,89.87,87.30,-37,33.67,33.02,96,30.38,0.46
15-07-06 09:33:15,CRH_MLM,29.04,27.69,-114,151.20,142.19,21,-36.94,-0.57
15-07-06 09:53:10,PPS_TITN,57.20,56.72,57,15.47,14.60,-211,152.96,2.34
15-07-06 11:54:25,ACC_BIP,38.84,38.83,88,43.96,44.27,-78,-28.64,-0.42
15-07-06 13:23:20,CEB_GPX,88.01,86.94,-38,33.05,33.08,100,40.83,0.61
15-07-06 13:41:35,PMCS_SPIL,9.31,8.08,-353,7.63,7.36,410,313.02,4.88
15-07-07 09:51:30,CEB_GPX,86.94,86.61,39,33.49,33.27,-104,7.09,0.10
15-07-08 09:45:45,CEB_GPX,86.11,86.32,39,33.13,32.90,-102,28.72,0.43
15-07-09 09:41:25,CEB_GPX,87.36,86.92,39,32.73,33.05,102,12.86,0.19
15-07-13 09:31:00,BTI_PM,107.48,112.01,31,81.62,82.23,-41,112.83,1.69
15-07-13 09:40:20,ACC_BIP,38.35,38.87,88,44.74,44.55,-76,57.08,0.84
15-07-14 09:46:35,IHF_USPH,145.62,142.67,23,54.58,54.25,-62,-49.80,-0.74
15-07-14 15:11:55,CEB_GPX,88.46,89.39,38,34.64,34.18,-98,77.55,1.15
15-07-20 11:43:05,CEB_GPX,88.88,89.44,-38,33.67,34.12,98,20.53,0.31
15-07-22 09:41:05,EZA_EWH,66.25,63.97,-51,23.77,22.34,140,-87.38,-1.30
15-07-27 09:53:30,PPS_TITN,57.30,57.41,58,15.88,15.12,-214,164.59,2.45
15-07-29 09:31:15,BTI_PM,113.54,114.92,29,84.92,85.90,-39,-0.74,-0.01
15-07-29 09:32:40,IILG_FLY,24.75,21.05,134,15.67,14.39,-216,-225.30,-3.36
15-07-29 09:55:00,ACC_BIP,38.98,37.25,-87,44.34,42.37,75,0.18,0.00
15-07-29 10:02:55,CEB_GPX,88.98,75.15,-37,33.43,31.06,99,274.21,4.15
15-07-29 13:09:45,CRH_MLM,26.86,29.52,126,142.76,156.66,-24,-0.59,-0.01
15-08-04 11:55:05,EZA_EWH,64.01,62.68,52,22.57,22.02,-148,8.83,0.13
15-08-04 12:21:40,IHF_USPH,136.33,140.40,-24,51.15,53.76,63,63.93,0.98
15-08-07 14:12:00,AZPN_MXIM,41.39,42.16,-77,31.74,34.12,92,156.76,2.57
15-08-14 10:44:35,ACC_BIP,36.74,37.21,90,42.23,41.93,-79,62.97,0.95
15-08-17 13:45:35,IHF_USPH,140.58,141.59,-23,51.46,52.64,63,48.17,0.74
15-08-18 11:23:35,EZA_EWH,58.76,58.85,56,21.27,20.93,-155,54.39,0.83
15-08-19 11:21:00,BTI_PM,116.68,112.97,-29,85.37,83.37,38,28.96,0.44
15-08-24 09:57:10,IHF_USPH,142.73,107.18,-23,52.05,45.55,61,418.33,6.48
15-08-24 10:25:40,IHF_USPH,129.97,131.59,28,46.75,47.82,78,126.22,1.73
15-08-25 10:12:20,ACC_BIP,37.32,34.86,-88,39.89,39.23,78,161.86,2.53
15-08-26 09:40:50,CRH_MLM,30.56,28.16,108,168.06,156.69,-20,-34.09,-0.51
15-08-27 13:44:00,CEB_GPX,75.27,71.19,-44,26.63,24.14,123,-129.91,-1.97
15-08-28 09:31:25,BID_FOSL,42.11,35.02,-77,104.78,60.57,30,-783.42,-12.27
15-08-28 09:45:20,MSCC_PRGS,34.72,32.00,95,27.06,27.21,-123,-279.34,-4.22
15-08-28 10:11:40,TAL_CGI,31.71,17.89,107,20.91,19.40,-167,-1231.18,-17.88
15-09-01 10:49:10,IILG_FLY,21.20,19.18,-157,14.30,12.81,227,-27.84,-0.42
15-09-02 13:06:25,ACC_BIP,33.97,33.65,100,39.01,37.17,-88,127.37,1.87
15-09-04 11:32:05,EZA_EWH,58.92,53.42,-56,20.52,18.65,157,10.88,0.17
15-09-08 09:35:25,BTI_PM,106.70,105.41,31,80.21,78.72,-41,18.52,0.28
15-09-09 12:50:40,BTI_PM,105.50,106.40,32,79.42,79.22,-42,34.64,0.52
15-09-10 09:30:55,CRH_MLM,28.33,29.60,120,163.88,169.58,-21,29.57,0.43
15-09-11 10:33:35,PPS_TITN,58.22,54.93,-57,14.22,13.71,230,66.67,1.01
15-09-15 12:00:45,IILG_FLY,19.47,20.19,175,13.02,13.16,-262,81.21,1.19
15-09-16 09:32:35,BTI_PM,105.79,110.49,32,79.41,81.05,-42,78.97,1.18
15-09-16 09:47:00,ACC_BIP,32.78,33.89,103,37.54,37.80,-92,87.45,1.28
15-09-16 12:35:30,CEB_GPX,70.46,72.10,48,24.03,24.53,-141,4.76,0.07
15-09-17 09:30:55,EZA_EWH,54.10,57.03,62,19.55,19.69,-179,152.17,2.22
15-09-21 10:51:00,CEB_GPX,70.99,72.71,48,24.92,24.99,-141,70.36,1.02
15-09-22 09:30:55,BTI_PM,110.53,107.60,-30,81.65,81.23,39,68.92,1.06
15-09-23 11:20:15,BTI_PM,107.51,107.36,31,81.47,80.17,-41,45.93,0.69
15-09-23 11:52:55,CRH_MLM,29.21,27.85,116,171.60,160.67,-20,57.80,0.85
15-09-24 10:25:25,IHF_USPH,130.38,131.73,-26,46.91,45.43,68,-137.97,-2.10
15-09-28 10:36:15,IILG_FLY,19.93,19.12,172,13.31,12.91,-257,-43.88,-0.64
15-09-29 09:31:10,BTI_PM,108.15,107.09,-31,80.26,78.85,41,-27.47,-0.41
15-09-30 12:13:00,EZA_EWH,54.17,53.64,63,19.63,19.02,-176,69.74,1.02
15-10-01 09:31:20,CRH_MLM,26.21,26.15,-130,150.34,153.23,22,67.95,1.01
15-10-01 09:57:45,WTS_CVCO,54.09,52.15,-63,68.31,68.51,47,129.36,1.95
15-10-02 09:30:35,PMCS_SPIL,6.07,7.26,551,6.50,6.19,-673,846.90,10.97
15-10-02 14:06:50,CEB_GPX,70.59,67.75,-48,24.17,23.12,140,-14.46,-0.21
15-10-08 09:31:25,CRH_MLM,25.82,27.01,134,156.66,159.52,-22,92.91,1.35
15-10-08 09:49:15,IILG_FLY,17.49,19.09,198,12.85,13.30,-274,186.68,2.67
15-10-08 11:51:25,BTI_PM,110.10,114.53,-31,79.33,83.58,42,38.70,0.57
15-10-09 09:41:25,ACC_BIP,35.05,37.80,-97,38.39,40.90,87,-50.97,-0.76
15-10-12 10:36:45,CEB_GPX,70.43,72.73,49,24.61,24.81,-144,80.93,1.16
15-10-13 09:41:45,IILG_FLY,19.80,19.63,191,13.54,13.55,278,-35.01,-0.46
15-10-13 10:41:20,CRH_MLM,27.17,27.26,129,164.50,160.28,-21,97.28,1.40
15-10-15 09:51:35,CEB_GPX,73.30,71.70,-47,24.46,24.50,135,77.74,1.15
15-10-15 11:47:25,IHF_USPH,121.56,124.27,28,42.68,43.79,-81,-16.70,-0.24
15-10-19 13:16:15,WTS_CVCO,55.09,56.74,63,75.27,75.85,-47,74.45,1.06
15-10-19 15:00:40,ACC_BIP,38.31,38.95,91,41.82,41.49,-83,83.13,1.19
15-10-21 10:02:00,EZA_EWH,57.29,58.56,-60,19.89,20.49,169,21.56,0.32
15-10-22 09:48:45,CEB_GPX,71.81,73.06,48,25.13,25.17,-139,50.96,0.73
15-10-29 09:32:45,IILG_FLY,19.89,17.68,-173,13.46,13.21,245,315.07,4.67
15-11-02 10:36:45,CEB_GPX,74.71,74.91,-46,25.03,25.78,141,93.09,1.34
15-11-02 11:02:45,NX_IR,21.36,19.02,-158,68.20,59.70,46,-24.08,-0.37
15-11-03 09:31:00,PPS_TITN,58.56,60.71,-58,11.80,12.51,278,67.44,1.01
15-11-03 11:20:35,BTI_PM,117.42,118.25,29,88.44,87.79,-38,46.22,0.68
15-11-04 10:51:35,XRAY_MR,51.55,62.00,-66,26.86,26.65,120,-717.26,-10.83
15-11-05 13:23:45,CRH_MLM,27.02,27.54,-129,155.46,154.68,21,-86.88,-1.29
15-11-10 09:36:20,CEB_GPX,74.54,76.19,47,25.92,26.19,-135,37.78,0.54
15-11-13 09:30:35,BTI_PM,113.46,111.88,-30,84.03,83.89,40,39.10,0.58
15-11-19 10:20:50,ACC_BIP,39.00,39.82,89,41.58,41.63,-84,65.47,0.94
15-11-19 11:20:15,CEB_GPX,74.73,74.79,47,25.99,25.92,-133,7.98,0.11
15-11-20 09:30:00,CRH_MLM,26.80,28.98,130,154.24,161.10,-22,129.30,1.88
15-11-20 09:42:20,EZA_EWH,57.93,56.82,59,20.85,20.68,-167,-41.20,-0.60
15-11-24 10:30:30,BTI_PM,112.74,115.83,-30,83.49,86.39,40,20.54,0.31
15-11-25 09:55:45,CEB_GPX,74.29,77.83,47,26.42,27.17,-134,62.36,0.89
15-11-27 09:32:55,ACC_BIP,40.43,40.51,-87,41.68,42.11,82,25.61,0.37
15-12-01 09:59:00,ACC_BIP,40.93,40.64,-85,41.89,42.10,82,38.69,0.56
15-12-01 15:33:30,IHF_USPH,123.72,126.20,28,48.04,52.70,-77,-291.76,-4.07
15-12-03 09:31:50,ACC_BIP,40.63,39.17,-86,41.64,41.23,83,89.33,1.29
15-12-03 13:23:45,ACC_BIP,39.33,38.67,90,41.08,40.03,88,-154.13,-2.15
15-12-09 12:18:30,WTS_CVCO,56.20,53.90,62,96.91,84.84,-34,264.84,3.91
15-12-10 14:37:20,IILG_FLY,15.52,15.42,225,13.43,13.38,-271,-15.71,-0.22
15-12-14 09:31:10,PMCS_SPIL,10.25,11.73,-340,6.17,8.20,416,331.42,5.48
15-12-18 09:41:35,IHF_USPH,123.02,123.28,-28,49.21,51.43,68,141.10,2.08
15-12-28 09:30:10,EZA_EWH,52.89,48.29,66,20.28,19.72,-176,-208.94,-2.96
15-12-29 11:06:50,XRAY_MR,60.94,62.19,56,26.96,27.15,-129,42.02,0.61
15-12-29 14:59:40,IILG_FLY,16.05,16.26,-216,13.28,13.96,249,118.17,1.74
16-01-12 14:39:35,IHF_USPH,125.05,117.95,29,54.74,50.02,-67,107.75,1.48
16-01-13 09:50:30,CEB_GPX,78.06,57.28,45,27.92,23.64,-126,-399.45,-5.68
16-01-15 10:33:20,CEB_GPX,54.82,54.62,66,22.60,22.70,159,-0.69,-0.01
16-01-15 12:48:40,CRH_MLM,29.41,25.22,-119,156.60,122.41,21,-222.38,-3.28
16-01-19 12:54:40,CEB_GPX,53.97,55.78,67,22.61,23.20,-161,22.09,0.30
16-01-20 09:33:25,IILG_FLY,15.02,12.84,248,13.52,11.01,-279,153.66,2.05
16-01-20 09:57:05,CEB_GPX,55.41,53.85,66,23.22,22.52,-156,3.10,0.04
16-01-21 10:53:50,WTS_CVCO,47.40,46.91,78,81.29,77.62,-45,124.15,1.69
16-01-22 09:30:20,EZA_EWH,42.69,40.77,87,18.80,17.53,-202,85.88,1.14
16-01-25 09:32:50,CEB_GPX,54.18,56.69,67,22.68,23.35,-158,58.18,0.81
16-01-27 09:30:10,BTI_PM,117.38,106.31,29,87.91,87.79,-38,-318.78,-4.73
16-01-27 09:59:40,IHF_USPH,114.74,115.68,-31,47.73,48.65,73,35.21,0.50
16-01-27 12:16:40,XRAY_MR,60.88,59.84,61,27.09,26.94,-139,-46.53,-0.62
16-01-28 09:30:05,ACC_BIP,39.02,40.50,-89,39.97,34.13,85,-631.48,-9.19
16-01-28 10:01:20,CRH_MLM,25.01,25.94,-146,115.58,121.48,30,37.74,0.53
16-01-29 12:55:30,CRH_MLM,26.15,26.64,140,119.21,125.15,30,243.97,3.37
16-02-01 09:54:20,ACC_BIP,41.04,42.51,91,35.66,35.72,-106,125.60,1.67
16-02-01 09:55:35,CEB_GPX,56.54,58.36,-65,22.99,23.72,157,-6.69,-0.09
16-02-01 13:46:05,CRH_MLM,26.46,26.67,139,123.77,124.47,30,47.08,0.64
16-02-02 13:53:00,CEB_GPX,58.90,57.43,-62,23.86,23.68,154,59.99,0.82
16-02-02 15:51:20,WTS_CVCO,48.44,47.03,76,84.60,78.69,-45,156.25,2.09
16-02-03 10:13:20,IHF_USPH,112.88,112.45,32,49.07,47.76,-74,80.28,1.11
16-02-04 09:31:15,ACC_BIP,42.99,43.03,-86,34.95,35.97,101,96.93,1.34
16-02-04 09:50:05,NX_IR,20.16,17.44,-171,52.97,50.30,64,289.29,4.23
16-02-05 09:31:50,RS_WCC,54.09,58.16,-63,49.33,41.76,67,-766.19,-11.41
16-02-05 14:30:40,BTI_PM,109.57,108.08,-33,88.99,89.47,40,65.81,0.92
16-02-09 09:35:20,CRH_MLM,25.54,23.34,145,123.00,111.51,-30,22.10,0.30
16-02-11 10:20:10,BTI_PM,106.40,106.91,34,89.74,88.33,-40,71.10,0.99
16-02-17 13:51:15,CEB_GPX,56.39,53.85,66,23.52,22.36,-164,18.37,0.24
16-02-18 09:30:00,BTI_PM,108.83,110.03,-33,88.60,91.44,39,68.62,0.97
16-02-18 09:53:55,IHF_USPH,107.03,113.28,34,47.27,49.60,-78,28.30,0.39
16-02-22 11:21:45,ACC_BIP,43.31,43.44,-84,35.50,35.96,101,33.03,0.46
16-02-23 09:33:05,IILG_FLY,12.11,12.00,304,11.59,12.00,-336,-181.21,-2.39
16-02-23 12:00:05,PPS_TITN,58.04,55.10,-61,11.01,9.08,292,-387.49,-5.74
16-02-24 09:30:10,EZA_EWH,41.56,44.57,-88,17.46,17.79,208,-200.91,-2.76
16-02-25 09:30:10,XRAY_MR,58.32,58.92,63,27.29,27.75,-137,-28.47,-0.38
16-03-01 09:30:50,BTI_PM,109.35,110.86,33,91.49,91.70,-39,38.99,0.54
16-03-01 09:30:55,EZA_EWH,44.82,46.35,82,18.17,18.23,-207,108.35,1.46
16-03-02 11:36:05,XRAY_MR,60.43,59.42,-61,27.76,27.88,125,73.66,1.03
16-03-02 15:24:45,IILG_FLY,13.08,13.37,-281,12.62,13.21,287,80.76,1.11
16-03-03 09:55:55,IHF_USPH,116.05,117.95,-31,51.11,51.41,70,-40.79,-0.57
16-03-03 12:56:00,CRH_MLM,23.87,27.48,154,120.54,146.40,-31,-248.29,-3.35
16-03-03 15:20:05,WTS_CVCO,49.19,52.70,-75,77.65,85.30,46,85.89,1.18
16-03-04 10:18:35,CEB_GPX,52.40,58.47,70,22.68,25.68,-167,-80.40,-1.08
16-03-04 10:44:45,IHF_USPH,119.28,119.06,31,54.13,52.37,-73,118.69,1.55
16-03-08 10:53:00,BTI_PM,113.95,113.51,-32,93.39,94.32,38,46.82,0.65
16-03-09 11:40:40,CEB_GPX,60.66,60.78,-60,26.07,26.40,137,35.01,0.49
16-03-14 09:30:00,BTI_PM,114.13,117.62,32,96.42,96.82,-38,93.82,1.28
16-03-14 09:31:25,CRH_MLM,27.15,28.38,134,154.77,156.19,-24,127.43,1.73
16-03-14 10:03:00,EZA_EWH,49.69,48.79,-74,18.79,18.99,191,100.47,1.38
16-03-14 10:33:25,IILG_FLY,13.74,13.18,-268,13.43,12.98,271,21.20,0.29
16-03-16 09:30:00,BTI_PM,117.39,113.16,-31,96.28,96.18,37,124.81,1.73
16-03-17 09:30:00,BTI_PM,113.03,115.24,32,95.85,97.36,-38,10.57,0.15
16-03-17 09:31:10,EZA_EWH,47.28,50.84,78,19.00,19.22,-200,228.95,3.06
16-03-17 11:02:05,CEB_GPX,60.94,61.23,60,27.17,26.77,-137,68.91,0.93
16-03-21 09:53:35,WTS_CVCO,52.47,55.26,70,89.49,89.83,-41,178.92,2.44
16-03-22 09:56:40,CEB_GPX,63.50,62.69,-58,27.73,27.40,130,1.57,0.02
16-03-22 10:10:00,BTI_PM,113.85,113.22,32,98.62,96.66,-37,49.82,0.68
16-03-29 09:30:45,EZA_EWH,50.80,49.72,-73,19.19,19.27,183,89.69,1.24
16-03-31 09:30:00,BTI_PM,113.32,117.56,32,97.10,98.65,-37,75.71,1.05
16-03-31 09:33:40,IHF_USPH,120.86,122.43,-30,50.99,50.30,70,-98.33,-1.37
16-03-31 09:34:55,CEB_GPX,63.24,64.06,-58,27.47,27.40,132,-59.82,-0.82
16-03-31 10:51:10,CRH_MLM,27.57,28.25,-134,152.00,159.10,23,68.93,0.96
16-04-04 10:21:15,ACC_BIP,42.43,46.76,87,35.84,40.99,-106,-172.15,-2.30
16-04-06 09:30:05,EZA_EWH,53.43,50.24,-69,19.82,19.28,182,118.09,1.62
16-04-08 09:40:05,WTS_CVCO,54.72,54.61,68,91.50,88.97,-41,93.37,1.25
16-04-08 11:20:00,BTI_PM,115.71,118.19,32,98.73,100.52,-38,8.44,0.11
16-04-11 09:45:10,ACC_BIP,45.87,46.66,-81,39.47,41.08,91,80.01,1.10
16-04-13 09:51:40,CRH_MLM,28.08,29.23,133,161.98,163.59,-23,113.56,1.52
16-04-14 10:04:15,RS_WCC,65.27,72.99,56,48.13,55.27,-78,-127.28,-1.72
16-04-15 09:33:10,IHF_USPH,121.97,123.67,-30,47.90,48.56,75,-4.02,-0.06
16-04-22 12:26:05,CEB_GPX,64.68,66.35,-57,27.47,26.56,133,-219.46,-2.99
16-04-25 10:22:40,EZA_EWH,53.73,54.19,-69,19.83,20.19,184,30.67,0.42
16-04-26 10:16:40,IILG_FLY,13.80,13.37,-267,12.68,11.70,290,-175.96,-2.39
16-04-27 09:31:50,CRH_MLM,28.98,29.64,127,168.43,170.80,-22,29.13,0.39
16-04-28 10:03:00,CEB_GPX,62.02,63.70,59,25.75,25.75,-148,95.29,1.28
16-04-29 11:29:40,IHF_USPH,127.49,125.11,-28,49.58,49.46,71,55.25,0.78
16-04-29 15:47:50,LEN_UFPI,50.00,45.39,69,70.18,77.09,-49,-659.12,-9.57
16-05-03 09:55:25,ACC_BIP,46.37,45.49,80,41.12,41.45,-92,-103.55,-1.38
16-05-03 10:10:15,EZA_EWH,55.77,52.43,-65,20.23,19.42,177,70.36,0.98
16-05-04 11:12:30,RS_WCC,72.27,72.82,50,57.30,56.08,-64,103.44,1.42
16-05-04 11:49:10,IHF_USPH,124.88,124.93,29,49.17,49.39,73,14.83,0.21
16-05-06 09:35:25,PPS_TITN,56.34,60.55,65,9.44,12.17,-381,-776.06,-10.69
16-05-06 09:41:05,BTI_PM,118.66,121.04,-31,100.35,99.42,36,-110.03,-1.51
16-05-06 09:54:05,ACC_BIP,46.69,46.59,-80,41.30,42.81,87,136.27,1.86
16-05-06 11:34:55,CEB_GPX,63.68,60.89,-57,24.21,23.84,134,105.73,1.54
16-05-09 13:27:05,IILG_FLY,13.92,14.30,-264,11.64,12.10,312,36.35,0.50
16-05-10 10:01:30,RS_WCC,71.60,71.78,51,57.07,56.06,-65,72.35,0.98
16-05-11 10:15:05,WTS_CVCO,56.68,56.33,-64,88.65,94.91,39,264.29,3.73
16-05-11 11:35:00,ACC_BIP,47.53,46.86,-78,42.74,43.30,85,96.65,1.32
16-05-12 09:59:45,CEB_GPX,61.50,60.80,60,24.75,23.93,-150,76.96,1.04
16-05-17 10:57:45,ACC_BIP,46.95,47.10,-79,42.91,43.80,85,60.56,0.82
16-05-17 11:21:30,IILG_FLY,14.65,14.51,-254,11.96,12.26,306,120.35,1.63
16-05-18 09:50:00,BTI_PM,122.71,121.29,30,102.23,99.10,-36,67.30,0.91
16-05-18 10:48:15,RS_WCC,72.87,71.97,-51,55.67,55.95,65,61.33,0.84
16-05-24 09:46:35,RS_WCC,71.43,72.89,-52,54.33,56.50,67,66.64,0.91
16-05-25 10:17:40,IILG_FLY,13.08,13.94,288,11.29,11.67,-345,110.27,1.44
16-05-26 09:30:20,EZA_EWH,50.66,51.18,73,19.31,19.40,-197,15.90,0.21
16-05-27 09:30:00,ACC_BIP,46.86,46.55,-80,42.83,42.54,86,-2.82,-0.04
16-05-27 09:44:50,WTS_CVCO,56.26,56.85,66,95.37,93.03,-41,132.25,1.73
16-05-27 11:55:50,CRH_MLM,29.17,30.78,127,171.99,191.39,-21,-206.17,-2.82
16-06-01 09:40:00,BTI_PM,123.29,120.52,-32,98.96,98.85,39,81.82,1.05
16-06-01 10:29:05,ACC_BIP,46.94,46.85,88,42.34,42.56,96,10.40,0.13
16-06-02 10:36:00,CXO_TCP,120.61,119.33,-33,54.13,56.52,71,208.96,2.67
16-06-06 13:50:20,IHF_USPH,124.77,128.45,29,49.91,59.19,-73,-573.70,-7.90
16-06-07 10:40:10,ALGN_CVG,78.40,79.08,52,28.50,28.23,-145,70.97,0.86
16-06-07 14:14:40,IHF_USPH,129.20,129.31,31,59.58,59.62,67,3.49,0.04
16-06-09 09:30:25,BTI_PM,124.47,123.72,-32,100.61,101.45,39,54.33,0.69
16-06-10 09:34:50,CRH_MLM,30.21,29.77,-136,186.03,186.29,21,62.70,0.78
16-06-10 09:43:00,NX_IR,16.50,20.40,223,54.17,64.79,-70,121.57,1.63
16-06-10 09:43:30,IHF_USPH,129.68,128.46,-31,59.50,59.41,67,28.92,0.36
16-06-10 10:03:05,CEB_GPX,58.89,64.03,-63,22.47,24.10,163,-61.83,-0.84
16-06-10 11:23:20,IHF_USPH,128.81,128.84,32,59.23,59.39,69,9.43,0.11
16-06-10 14:12:10,EZA_EWH,53.07,52.03,-77,19.95,19.95,199,74.94,0.93
16-06-13 14:36:30,IHF_USPH,128.07,127.29,32,58.89,58.86,69,-29.63,-0.36
16-06-14 09:33:00,WTS_CVCO,57.29,56.92,71,97.94,94.84,-42,101.10,1.24
16-06-14 09:57:50,ACC_BIP,46.57,48.10,88,42.62,44.27,-96,-26.16,-0.32
16-06-14 15:50:25,CEB_GPX,63.37,61.97,65,23.89,23.13,-173,35.78,0.43
16-06-16 14:11:15,CXO_TCP,121.16,118.44,-34,54.98,55.40,72,119.70,1.48
16-06-17 11:02:25,IHF_USPH,126.71,125.91,32,59.38,58.24,-69,50.76,0.62
16-06-20 09:31:00,BTI_PM,121.05,124.68,34,101.01,101.48,-41,101.42,1.23
16-06-20 09:34:30,CRH_MLM,29.18,30.43,142,185.71,185.05,-22,188.47,2.29
16-06-20 10:05:25,CEB_GPX,61.80,64.13,-66,22.90,23.48,177,-54.90,-0.68
16-06-20 12:21:55,ACC_BIP,48.40,48.49,-85,43.90,44.74,92,67.05,0.82
16-06-21 11:34:15,IHF_USPH,125.96,126.68,-32,57.83,58.73,68,35.19,0.44
16-06-22 12:27:55,IHF_USPH,127.03,127.74,32,59.68,59.03,-70,65.59,0.80
16-06-22 15:42:15,CEB_GPX,62.32,62.01,66,23.32,22.99,-178,34.16,0.41
16-06-24 09:30:40,BTI_PM,125.03,121.62,-33,100.75,99.20,40,47.97,0.59
16-06-24 09:38:15,IHF_USPH,127.44,125.01,-32,58.36,58.17,68,61.87,0.77
16-06-24 09:38:40,CRH_MLM,30.41,28.14,-136,185.73,181.36,21,213.62,2.66
16-06-24 11:00:20,CXO_TCP,120.63,124.17,-34,54.49,57.32,73,83.29,1.03
16-06-24 11:31:20,EZA_EWH,52.72,50.21,-78,19.64,18.95,206,48.83,0.60
16-06-27 12:00:55,ADBE_EFII,98.82,91.49,41,45.40,39.97,-91,190.77,2.33
16-06-29 09:30:20,EZA_EWH,46.96,50.72,88,18.55,19.26,-231,162.68,1.93
16-07-06 15:00:55,CXO_TCP,120.12,118.32,34,58.86,55.44,-71,178.93,2.17
16-07-07 09:31:15,ACC_BIP,49.07,52.12,-83,44.44,46.83,90,-40.26,-0.50
16-07-07 12:36:55,WTS_CVCO,58.57,57.46,-70,91.58,94.73,43,210.68,2.62
16-07-08 10:41:00,BTI_PM,122.52,126.78,-33,98.07,102.79,40,46.00,0.58
16-07-13 12:50:20,ALGN_CVG,78.77,83.35,-52,27.77,26.50,146,-426.91,-5.24
16-07-14 10:45:25,IHF_USPH,125.74,129.92,33,58.98,61.20,-71,-22.20,-0.27
16-07-18 14:15:25,CXO_TCP,118.56,121.44,-34,53.15,56.35,73,132.49,1.67
16-07-20 14:47:40,IILG_FLY,14.24,17.50,-288,11.37,11.19,352,-1011.99,-12.49
16-07-25 09:35:00,CRH_MLM,28.21,29.69,148,184.41,197.75,-24,-104.66,-1.22
16-07-25 09:35:30,ACC_BIP,51.94,52.69,80,46.96,46.44,-89,103.63,1.24
16-07-25 09:53:00,CXO_TCP,122.79,119.64,-33,54.75,55.26,72,137.67,1.72
16-07-26 09:31:20,ADBE_EFII,96.22,97.57,43,45.22,42.79,-92,279.28,3.37
16-07-27 09:30:10,BTI_PM,126.18,124.89,-32,99.30,98.95,39,25.17,0.32
16-07-28 15:06:35,CEB_GPX,62.71,60.53,-65,23.35,21.07,173,-256.73,-3.16
16-08-01 09:32:54,CXO_TCP,122.51,120.91,49,54.87,54.66,109,-104.01,-0.87
16-08-01 09:45:21,IHF_USPH,130.80,128.42,-31,60.75,59.47,66,-13.19,-0.16
16-08-01 15:25:38,XEL_ARTNA,43.97,43.96,137,34.01,33.59,157,-70.68,-0.62
16-08-02 09:46:46,CXO_TCP,118.20,120.41,51,53.98,54.84,-113,12.56,0.10
16-08-02 11:06:14,IHF_USPH,127.30,125.85,-47,58.82,58.33,58,36.92,0.39
16-08-03 09:36:32,ACC_BIP,52.89,53.45,-73,45.76,46.91,82,50.51,0.66
16-08-04 10:19:51,IHF_USPH,126.67,126.23,-47,58.54,58.03,58,-11.17,-0.12
16-08-08 09:30:09,BTI_PM,124.51,124.11,-31,97.61,98.85,39,58.19,0.76
16-08-17 09:48:02,BTI_PM,128.64,127.17,-51,99.90,99.72,64,60.42,0.47
16-08-19 10:22:12,ADBE_EFII,98.55,100.23,-60,43.96,44.81,76,-38.91,-0.42
16-08-25 09:30:06,BTI_PM,127.62,127.13,-51,100.00,100.09,65,28.58,0.22
16-08-25 09:42:10,EZA_EWH,57.38,56.10,-67,21.04,20.97,181,69.77,0.91
16-08-25 12:41:35,WTS_CVCO,61.34,65.07,-98,99.46,104.68,93,116.77,0.77
16-09-01 12:32:03,WTS_CVCO,64.49,64.84,101,104.44,104.17,-95,58.15,0.35
16-09-02 09:31:09,BTI_PM,125.35,128.97,52,99.62,101.19,-66,82.23,0.63
